timestamp,energy_kwh,temperature_c,solar_kwh,wind_kwh
2026-05-10 13:00:00+00:00,63.82258780808438,31.365660495705317,11.571462704849328,4.6984028251203585
2026-05-10 14:00:00+00:00,63.4603680180031,29.565027101242563,9.56040787238394,4.188726066271074
2026-05-10 15:00:00+00:00,64.0236611005457,31.13159867054895,11.980091935920173,4.751843279054877
2026-05-10 16:00:00+00:00,64.76185835589035,30.423672243404486,8.104377103990014,7.757607182461914
2026-05-10 17:00:00+00:00,66.22084447908368,25.728556767020397,3.6745381551231717,6.384409113885915
2026-05-10 18:00:00+00:00,67.62542544210868,25.077537637111018,0.0,4.784980811568136
2026-05-10 19:00:00+00:00,69.68733809336291,25.25808039628663,0.5225323328855619,5.584150483918136
2026-05-10 20:00:00+00:00,67.30021195730482,23.18969169764229,0.23600478418903686,5.748770819086487
2026-05-10 21:00:00+00:00,61.38047017618226,22.119351558483103,0.28420476228740954,4.819683007530549
2026-05-10 22:00:00+00:00,56.97019129504708,19.89062479124811,0.0,4.921996794585606
2026-05-10 23:00:00+00:00,52.303536964230766,21.033436632624078,0.9184475849145064,7.514733628457398
2026-05-11 00:00:00+00:00,54.78740484418027,20.329486869820776,0.0,5.610507748509517
2026-05-11 01:00:00+00:00,51.563875098512526,19.288293763608767,0.7642804071469325,4.760552613200221
2026-05-11 02:00:00+00:00,48.75964656062824,20.783540918163045,0.5107719329907431,6.324108378612422
2026-05-11 03:00:00+00:00,49.077221344374514,20.608597474806118,0.28866637089234004,6.637300988370262
2026-05-11 04:00:00+00:00,52.90969788797949,19.987260741860933,0.0,3.7938490047390356
2026-05-11 05:00:00+00:00,51.2734134684365,22.720847142819128,0.07579492240976146,6.577873715106198
2026-05-11 06:00:00+00:00,52.66523903144871,22.592045430649296,0.0,7.924893023292901
2026-05-11 07:00:00+00:00,64.73209023118275,26.36700929164919,4.154004870893142,7.411558527355451
2026-05-11 08:00:00+00:00,68.05497978293873,26.823098389152978,6.290141392802529,9.966788410752892
2026-05-11 09:00:00+00:00,68.68001033046241,28.125461519079547,11.708616808071653,8.656809163562816
2026-05-11 10:00:00+00:00,70.05246921434258,28.78999628481885,13.377684244113599,8.988721987865604
2026-05-11 11:00:00+00:00,74.57092883320705,32.04482001986856,7.692213342262976,10.92992031709378
2026-05-11 12:00:00+00:00,70.54119548194777,31.00885544808624,10.549902383966336,8.115295704778282
2026-05-11 13:00:00+00:00,69.75160267296582,30.90182999503979,7.83435739209731,7.320622626955119
2026-05-11 14:00:00+00:00,62.54695601513885,30.80587392502474,12.386866079957999,8.488273228639816
2026-05-11 15:00:00+00:00,72.45609762220843,31.28482555405838,9.201842106996821,6.368993714861381
2026-05-11 16:00:00+00:00,76.95700340674544,30.14806429206799,5.133562590165856,7.32367519660226
2026-05-11 17:00:00+00:00,77.51493309565983,28.97912292511452,4.862307713449517,6.281129469500563
2026-05-11 18:00:00+00:00,80.13565793238541,27.57065948233347,0.2595514989784128,7.754163357048097
2026-05-11 19:00:00+00:00,84.32417564257334,28.08761521124959,0.0,6.287327276772252
2026-05-11 20:00:00+00:00,73.25821612840001,23.49386446187985,0.0,6.235285076653658
2026-05-11 21:00:00+00:00,72.5093386764368,21.93658343674815,0.04446777044464267,7.766810780157908
2026-05-11 22:00:00+00:00,66.87638566401115,20.348862728391108,0.0,6.9801183322165095
2026-05-11 23:00:00+00:00,59.673186409986435,21.127766293829435,0.0,4.453395131610927
2026-05-12 00:00:00+00:00,51.16010465465956,21.160623392539208,0.0,5.087257127999026
2026-05-12 01:00:00+00:00,45.230577004157595,19.481297039564044,0.42196953544577803,5.486151247803289
2026-05-12 02:00:00+00:00,50.89227392191058,18.83086658272074,0.0,5.81771626973428
2026-05-12 03:00:00+00:00,48.70670705130534,19.465606427378194,0.0,7.5899926680838155
2026-05-12 04:00:00+00:00,52.636344347592676,22.2056843767379,0.9773462577056231,7.2667287391147
2026-05-12 05:00:00+00:00,53.930890232219554,23.57594529209547,0.17623124859435696,8.396647008704644
2026-05-12 06:00:00+00:00,59.203322705473695,24.799285613870044,0.16949725523741302,7.898997801598412
2026-05-12 07:00:00+00:00,63.55250136771956,24.918124250344167,3.5251115329505702,8.280501526280606
2026-05-12 08:00:00+00:00,67.91248108205139,27.564510311743785,7.70157652991353,7.561475783248109
2026-05-12 09:00:00+00:00,76.24424184295353,28.8892361578007,11.310845624357503,6.9284696487783535
2026-05-12 10:00:00+00:00,73.23104883742056,30.27043386792428,11.817450091264176,8.094727357813122
2026-05-12 11:00:00+00:00,70.64538425351307,32.02332921322301,12.358167169871988,7.759265242425627
2026-05-12 12:00:00+00:00,68.91334648571946,31.86136775411452,15.368421385644448,6.91103837488523
2026-05-12 13:00:00+00:00,69.63096980940207,32.62816956183787,15.404685303384758,8.07262817424764
2026-05-12 14:00:00+00:00,72.02269250743647,31.70603632643356,11.308736118326097,2.914102337528305
2026-05-12 15:00:00+00:00,70.84561933564189,31.388332224616015,10.961236154392797,5.693351556203369
2026-05-12 16:00:00+00:00,76.15647989043676,30.861208751742122,8.311987586895771,5.57067244751458
2026-05-12 17:00:00+00:00,74.4024269135178,27.128155309751353,4.090591380399113,7.50857664324096
2026-05-12 18:00:00+00:00,77.92078376309433,27.061704437205982,0.8857546412433753,7.988362484730738
2026-05-12 19:00:00+00:00,79.10179701146177,25.34353381432774,0.43782776592665035,3.6495862693305168
2026-05-12 20:00:00+00:00,74.38630760055857,23.603929537962934,0.0,7.545035943034533
2026-05-12 21:00:00+00:00,72.08232212009248,22.60877242409976,0.0,3.8173824593622943
2026-05-12 22:00:00+00:00,63.927453618781094,23.50560640688121,0.0,3.7464544793033565
2026-05-12 23:00:00+00:00,62.5437027950034,19.73446947895415,0.0,4.901962635930528
2026-05-13 00:00:00+00:00,48.62842120792459,21.3512261879823,0.0,4.669650042748858
2026-05-13 01:00:00+00:00,48.561205323567165,17.980556274061033,0.9723811188252447,2.818215808396373
2026-05-13 02:00:00+00:00,48.91392855025697,19.817659732204067,0.1562699569912896,5.794690059155117
2026-05-13 03:00:00+00:00,51.810934221413845,21.02922740523948,0.23740816143154575,5.721200775428406
2026-05-13 04:00:00+00:00,55.06161164425531,22.505823239943748,0.0,6.131502411540632
2026-05-13 05:00:00+00:00,52.59345025706475,23.913310424217837,0.3611370735890012,3.935756818511919
2026-05-13 06:00:00+00:00,58.28496132627536,25.473701628318434,0.0,4.3751822998130265
2026-05-13 07:00:00+00:00,61.81334213175927,25.67080798333193,3.6187066304548905,4.277564581511417
2026-05-13 08:00:00+00:00,68.28311756387684,27.10196609004176,8.26393777345254,6.57478412905619
2026-05-13 09:00:00+00:00,73.12882636157508,30.147956864450077,11.913423278827707,0.1372366895467345
2026-05-13 10:00:00+00:00,71.3864444304919,30.145887971111012,13.735563480530919,2.6614988119882526
2026-05-13 11:00:00+00:00,65.94812357322915,29.81248170740322,15.170904950068604,3.9077571799085162
2026-05-13 12:00:00+00:00,67.48600312693243,30.597016212352113,11.189173398860078,2.281995794085236
2026-05-13 13:00:00+00:00,71.46123144837475,31.07222776138301,8.996383612330334,3.345223944776995
2026-05-13 14:00:00+00:00,71.94230827898792,32.581793424101605,15.126874706105799,3.438989388772486
2026-05-13 15:00:00+00:00,72.584929583401,31.570693352295404,7.231112937497644,2.607152113701056
2026-05-13 16:00:00+00:00,81.06394714508112,31.28874597001805,5.453959440553219,3.5346215779333368
2026-05-13 17:00:00+00:00,76.9934838383882,28.718619775047475,3.6340237169281844,4.244490372810672
2026-05-13 18:00:00+00:00,84.44526965201298,27.988191173182422,0.0,2.9595058617512624
2026-05-13 19:00:00+00:00,83.90017010483983,27.009349254860478,0.0,2.585689984818886
2026-05-13 20:00:00+00:00,74.16445333457769,24.348026322276116,0.0,2.922853867204646
2026-05-13 21:00:00+00:00,66.2777094012854,23.833705504441973,0.0,3.0843332263704095
2026-05-13 22:00:00+00:00,69.94405966890528,21.2619442802611,0.0,0.6033382553174
2026-05-13 23:00:00+00:00,60.851396442567896,20.680301019396296,0.0,3.636375478332068
2026-05-14 00:00:00+00:00,50.9658195851184,20.071599665899072,0.7735447430658048,2.3147213404806437
2026-05-14 01:00:00+00:00,53.74571208279934,18.90325363801087,0.0,4.673824768886134
2026-05-14 02:00:00+00:00,53.210563280196936,21.139992434439606,0.6350214669634626,3.702438048063515
2026-05-14 03:00:00+00:00,54.81626893892192,20.604561489175097,0.0,4.486168244293145
2026-05-14 04:00:00+00:00,51.31477055291065,22.14906140674145,0.12238814189932844,1.4116803394898256
2026-05-14 05:00:00+00:00,54.815300718700385,23.966212731605086,0.0,2.2921105325274014
2026-05-14 06:00:00+00:00,56.811781125159484,25.384741669220507,0.0,1.0635731410995646
2026-05-14 07:00:00+00:00,67.06063363065131,27.21267569314044,3.4787381579950982,1.8127323074989434
2026-05-14 08:00:00+00:00,68.91317321638451,27.86123258751218,6.815500988435204,4.555962617851965
2026-05-14 09:00:00+00:00,71.99458674059761,28.93072162622432,11.84776226770677,4.894538639281292
2026-05-14 10:00:00+00:00,74.8111773556294,30.59772757605618,5.101331156319923,1.219699037964453
2026-05-14 11:00:00+00:00,67.85722349669487,29.634058505195338,16.714513267759834,2.2064865427414304
2026-05-14 12:00:00+00:00,66.9223675149985,30.533574664446952,9.775433966089466,2.768289241330521
2026-05-14 13:00:00+00:00,69.11282190480931,30.899050116129505,15.218610831627117,3.7275235626843557
2026-05-14 14:00:00+00:00,72.66770149094864,31.096770206190637,13.006875095423874,0.48238869275506646
2026-05-14 15:00:00+00:00,73.40034434857675,32.185300655220296,12.596121561884585,0.7459998790464635
2026-05-14 16:00:00+00:00,75.75845840272198,29.67687775188727,8.591589570600023,3.7252622482069535
2026-05-14 17:00:00+00:00,80.51617968568888,29.07829382139069,2.2184567434861324,0.3660901151891407
2026-05-14 18:00:00+00:00,84.63880197535569,29.655237394733845,0.38267126806814405,2.529408381925648
2026-05-14 19:00:00+00:00,75.61966385285365,26.12677515764023,0.0,3.447091144357492
2026-05-14 20:00:00+00:00,74.20035380001858,25.897320725250204,0.0,3.8722112427010282
2026-05-14 21:00:00+00:00,67.84977064306423,22.455680291201592,0.0,3.1666760501883666
2026-05-14 22:00:00+00:00,59.94955249730758,22.09754092402203,0.3637668468128996,2.932305674723052
2026-05-14 23:00:00+00:00,62.99578313851822,20.261092131495253,0.0853259708750257,4.710311869613584
2026-05-15 00:00:00+00:00,52.490551229761174,20.405319072419353,0.0,4.014783436602417
2026-05-15 01:00:00+00:00,51.72613841138907,21.626403753698767,0.0,2.8010491742245147
2026-05-15 02:00:00+00:00,46.94910875999349,18.75989157114741,0.0,3.8546061783220744
2026-05-15 03:00:00+00:00,47.923667217132824,21.963460038126378,0.0,4.436436631718669
2026-05-15 04:00:00+00:00,52.38920868360779,22.69089441292348,0.0,6.406753038604931
2026-05-15 05:00:00+00:00,58.16902890119173,22.94509519827393,0.26441374669230644,5.20603252084145
2026-05-15 06:00:00+00:00,54.69230666853458,23.379587948253064,0.18898131301703677,5.91197010933586
2026-05-15 07:00:00+00:00,66.24650919710267,26.763896545147492,4.694180950411019,3.4653122575556328
2026-05-15 08:00:00+00:00,68.24303181813075,27.604305911364335,2.48061326132259,3.696742032017451
2026-05-15 09:00:00+00:00,74.5523061839158,29.975307645938496,6.788188447685503,4.213062290262743
2026-05-15 10:00:00+00:00,76.33816276123073,30.9741435904556,15.997492314757137,4.454842471618062
2026-05-15 11:00:00+00:00,76.95444082024929,33.832621693695955,11.152322159999517,3.358802439887116
2026-05-15 12:00:00+00:00,70.87531169990899,32.23158652564984,7.1301396552215115,6.657167973445067
2026-05-15 13:00:00+00:00,71.08227199838004,31.503853816422637,17.553236139240784,6.236692292862308
2026-05-15 14:00:00+00:00,72.80356464587125,32.751397111561786,11.117346590011977,4.687190097912366
2026-05-15 15:00:00+00:00,76.67123730079972,32.20938785775154,12.440646172052851,6.128357527808231
2026-05-15 16:00:00+00:00,79.08143870508594,32.631300002731734,6.958541407796161,5.656214651293879
2026-05-15 17:00:00+00:00,85.21850338166715,30.76802868081535,4.069008555150232,6.465164893102993
2026-05-15 18:00:00+00:00,83.39909816550175,28.75518120795098,0.0,3.6873719262896625
2026-05-15 19:00:00+00:00,84.556621972694,28.53797651784021,0.21212406872759437,5.475911885148475
2026-05-15 20:00:00+00:00,73.41027599439715,23.810438787401505,0.00966371183369481,5.707155549931548
2026-05-15 21:00:00+00:00,68.04175356236328,23.02988625329864,0.7001829584406652,6.767919554223071
2026-05-15 22:00:00+00:00,64.54159976779016,21.45063875189381,0.0033672670508110604,5.118966457772016
2026-05-15 23:00:00+00:00,59.10859287457308,21.148691387579746,0.0,2.6000969862846453
2026-05-16 00:00:00+00:00,46.73908203653037,19.372344206951105,0.0,4.683826272276969
2026-05-16 01:00:00+00:00,44.07279805425019,21.589272051462487,0.0,6.207660375048168
2026-05-16 02:00:00+00:00,41.229212380497266,20.77189795451731,0.20306862735272,6.473942776014308
2026-05-16 03:00:00+00:00,40.83693251311725,19.87988973079506,0.29492512315763614,8.829334705664465
2026-05-16 04:00:00+00:00,41.296174007457665,21.386423480454237,1.234598018346409,7.371479935531743
2026-05-16 05:00:00+00:00,48.578807491407254,24.23058432607381,0.0,6.749061006974353
2026-05-16 06:00:00+00:00,51.29718428695118,26.31367274682218,0.0,6.664373327711322
2026-05-16 07:00:00+00:00,62.93546652700827,29.263237923024548,2.9204473491745806,8.325694122662455
2026-05-16 08:00:00+00:00,70.30376662912134,31.922893608320717,6.6301439920604865,6.0189206164595195
2026-05-16 09:00:00+00:00,67.49417664917291,30.376676561503015,8.99551279777887,6.708858585488927
2026-05-16 10:00:00+00:00,66.62983775564965,29.940477925265405,9.634980170341871,5.435252985020789
2026-05-16 11:00:00+00:00,63.02988280687996,29.528734037027693,5.458693188834841,8.996268474987149
2026-05-16 12:00:00+00:00,59.9854494863458,33.01345602295941,12.323083953259657,7.603375450096102
2026-05-16 13:00:00+00:00,61.52846247570647,31.926583718217916,15.210628489443266,6.1017917214438135
2026-05-16 14:00:00+00:00,65.37582940002085,32.20456014701524,11.044303416727079,6.96479980339032
2026-05-16 15:00:00+00:00,69.01933089292238,31.374245775760933,12.721907101408384,7.865435790103164
2026-05-16 16:00:00+00:00,73.93938111432946,30.991331093156006,6.884200496221123,6.821907871498118
2026-05-16 17:00:00+00:00,72.66971675108265,31.20169966882181,5.872076691211063,6.439689299412561
2026-05-16 18:00:00+00:00,74.64713661188573,28.668633457966784,0.0,6.281001816081998
2026-05-16 19:00:00+00:00,69.39714082998782,26.74148984813171,0.14896658848420732,7.674546658937561
2026-05-16 20:00:00+00:00,69.66828688127475,24.140596506750114,0.0,6.695708985565103
2026-05-16 21:00:00+00:00,64.36462782287227,21.930971918906764,0.8928103743106529,6.552687341142358
2026-05-16 22:00:00+00:00,58.22271012569852,22.118529662788074,0.4434131643996018,5.302427892231735
2026-05-16 23:00:00+00:00,53.07485812952473,21.688048645881853,0.0,7.26062152875241
2026-05-17 00:00:00+00:00,47.44433575157185,23.278552952801313,0.2562974967156142,6.871324003527279
2026-05-17 01:00:00+00:00,47.126498133542476,21.112624627235075,0.1288478606382777,6.642016647750587
2026-05-17 02:00:00+00:00,47.0371219183497,22.34358186473492,0.0,7.33215588677805
2026-05-17 03:00:00+00:00,45.58299868671412,21.167947225941713,0.37908210861408664,8.057003174643977
2026-05-17 04:00:00+00:00,44.46816775546245,21.301936608308196,0.19465269555220507,7.942406013931064
2026-05-17 05:00:00+00:00,48.351963736220966,22.811475391345567,0.10784935694297614,7.679075789585432
2026-05-17 06:00:00+00:00,52.109710697388216,24.549385655016433,0.0,6.508136859389924
2026-05-17 07:00:00+00:00,62.2363371858482,29.529540360112474,4.805533059270025,5.986039717307146
2026-05-17 08:00:00+00:00,60.4427508506609,27.545281982269696,7.1536744274516,5.248239217353924
2026-05-17 09:00:00+00:00,72.23201333968267,30.986723181966756,4.496920456802461,5.804499505776953
2026-05-17 10:00:00+00:00,68.98004955280389,30.142017796162474,13.288316676727106,6.5831450518016
2026-05-17 11:00:00+00:00,68.50306938331039,33.299132341438366,7.462415798191329,5.371286763676011
2026-05-17 12:00:00+00:00,64.98923799947865,33.24463982841462,17.474790028325728,6.518984855074064
2026-05-17 13:00:00+00:00,65.01717299880863,32.80107831354684,14.305802083114685,4.941488205966832
2026-05-17 14:00:00+00:00,66.14749876535888,32.73743232310625,14.803883931331148,3.8728172324232286
2026-05-17 15:00:00+00:00,65.0846662887596,31.402796584374855,8.740792796242555,7.247168569210716
2026-05-17 16:00:00+00:00,76.56234698435183,31.771761996364038,4.053196624641991,5.334598665914823
2026-05-17 17:00:00+00:00,73.65919212821956,29.44914792411071,3.484849532658699,4.722973500253315
2026-05-17 18:00:00+00:00,73.56714102094371,27.078456950938165,0.0,4.257023491183248
2026-05-17 19:00:00+00:00,74.26652550773588,25.463733980325607,0.16173252547530514,6.272087752247446
2026-05-17 20:00:00+00:00,68.29610137784725,25.65228767381513,0.0,7.494272695280699
2026-05-17 21:00:00+00:00,66.02264902974994,25.89369116173071,0.0,4.893102314390472
2026-05-17 22:00:00+00:00,54.794727103837545,22.948663899119957,0.0,5.042367098560897
2026-05-17 23:00:00+00:00,52.351070420620374,21.661176976274295,0.12021067706404526,6.730247195033541
2026-05-18 00:00:00+00:00,48.520705038425575,21.547360255916985,0.0,2.580515117632841
2026-05-18 01:00:00+00:00,53.04111594302386,22.56720209004819,0.0,7.753616100077735
2026-05-18 02:00:00+00:00,52.237755954973,21.46762789003056,0.5428047014870293,8.306601319522441
2026-05-18 03:00:00+00:00,51.603052366060574,21.310430290605666,0.0,0.9811648396230459
2026-05-18 04:00:00+00:00,52.42113654869884,24.084220414903697,0.39847184501410765,4.5193396564280315
2026-05-18 05:00:00+00:00,56.71694745215227,24.513289380192127,0.0,3.536068435583539
2026-05-18 06:00:00+00:00,60.34479064554386,27.28808936294378,0.800785688947713,4.059917621507828
2026-05-18 07:00:00+00:00,65.83030845581843,27.217140394175434,3.8606988139651044,3.734423514912824
2026-05-18 08:00:00+00:00,69.13201878041261,27.07982102939426,5.395309080899238,5.348053248871441
2026-05-18 09:00:00+00:00,66.30045951537775,28.35333706142485,12.269380785252704,3.947581515478052
2026-05-18 10:00:00+00:00,80.05583048469146,33.21758887326304,14.564677430358094,2.725950800693057
2026-05-18 11:00:00+00:00,74.08013713644435,34.25694068383008,15.4694708517782,3.6589407741868247
2026-05-18 12:00:00+00:00,71.39323233016806,32.57092429852965,15.969317001001263,4.5224920547143155
2026-05-18 13:00:00+00:00,68.413725908823,32.52921900537336,14.081142783222363,2.0496625860851654
2026-05-18 14:00:00+00:00,79.47236912002546,34.53643181977823,12.338979812729692,1.3107679751323884
2026-05-18 15:00:00+00:00,69.929423849062,30.852789907537087,7.258137439465936,6.317752587179959
2026-05-18 16:00:00+00:00,72.78917166368274,30.151857987119914,3.9552778912502333,2.544967729797787
2026-05-18 17:00:00+00:00,82.63244400836577,30.752528291109996,4.164232227126128,3.1727872022624024
2026-05-18 18:00:00+00:00,80.5677694181648,28.057419849907454,0.0,2.733365316638863
2026-05-18 19:00:00+00:00,77.30972198986868,26.96923044112619,0.0,3.987485398090115
2026-05-18 20:00:00+00:00,76.73190131655026,25.22352545422992,0.0,5.6368306428475305
2026-05-18 21:00:00+00:00,65.8768448921821,24.374704964583135,0.0,3.906651490095233
2026-05-18 22:00:00+00:00,63.399611673447204,24.412847361585087,0.1591796132873668,0.9140744402296046
2026-05-18 23:00:00+00:00,58.940624786496784,21.87580383247079,0.0,1.052427195374337
2026-05-19 00:00:00+00:00,53.56992683606447,21.93702100343948,0.03746353928311319,2.3875723762484737
2026-05-19 01:00:00+00:00,54.570062299582645,18.496088680230386,0.5196268048170303,2.532149184804089
2026-05-19 02:00:00+00:00,54.464978488385235,21.098574974189315,0.0,0.46423140479880853
2026-05-19 03:00:00+00:00,51.634283484367906,20.740711382512394,0.0,3.995152566629844
2026-05-19 04:00:00+00:00,47.44533890587861,21.239523481167716,0.09435548170560885,1.3062368696566269
2026-05-19 05:00:00+00:00,54.765690778506475,22.88680861223749,0.0,4.9026740171658565
2026-05-19 06:00:00+00:00,61.37944114041597,24.982432881300117,0.7157385569637085,5.351900659627946
2026-05-19 07:00:00+00:00,69.95082783070394,28.03093470340535,3.1651271985008416,2.4524450543149516
2026-05-19 08:00:00+00:00,68.13436059771024,26.888503915744895,6.778799774956286,3.417576720125396
2026-05-19 09:00:00+00:00,71.35260520191902,29.95928118298994,10.561935835456806,1.0873257192719163
2026-05-19 10:00:00+00:00,71.98934505915147,30.579276836855374,14.839009628314823,3.7002325077614575
2026-05-19 11:00:00+00:00,77.59928337117825,31.71555422139835,12.447674895707669,2.150605885577509
2026-05-19 12:00:00+00:00,73.19633290852745,33.90629824959639,6.319999655491757,1.3528337319403554
2026-05-19 13:00:00+00:00,70.34062535341177,33.54785155699502,14.683030884179475,2.5026066805964833
2026-05-19 14:00:00+00:00,78.19825662193561,34.2970799970781,10.347952928455726,2.2940758499386464
2026-05-19 15:00:00+00:00,73.528624117799,31.901782758805382,9.472156745124297,2.5349768289810215
2026-05-19 16:00:00+00:00,73.36713062358562,30.292792535298798,7.224817043772886,4.369337510728492
2026-05-19 17:00:00+00:00,83.55283948439333,29.61075466131522,3.9332158031477595,1.9953134819842082
2026-05-19 18:00:00+00:00,83.55935168680307,28.717254798637388,0.1361667005641662,5.583956950203492
2026-05-19 19:00:00+00:00,80.20932031705853,27.079048883138856,0.0,1.3650791264196203
2026-05-19 20:00:00+00:00,70.62745863835681,24.006655178668883,0.0,5.551881267244695
2026-05-19 21:00:00+00:00,74.119378238753,23.962955447087026,0.2823550016065804,1.9419665132803619
2026-05-19 22:00:00+00:00,64.62428777194428,22.878992374069973,0.010599321756182901,3.4429465558383314
2026-05-19 23:00:00+00:00,64.46874210439195,24.665826129238955,0.0,2.841638107141282
2026-05-20 00:00:00+00:00,53.606183864123636,23.29077872457384,0.6214151919341202,3.13427499953736
2026-05-20 01:00:00+00:00,50.4715523245148,19.803198894614617,0.06832825312691618,4.828772575854327
2026-05-20 02:00:00+00:00,50.47540147254398,20.679507550159666,0.0,5.901551639087275
2026-05-20 03:00:00+00:00,54.93810603343379,19.86033274916226,0.4974777987833321,5.5667345869378995
2026-05-20 04:00:00+00:00,55.849684349647895,21.853681464824255,0.0,3.4344220352944106
2026-05-20 05:00:00+00:00,50.17239016381882,24.176314096906744,0.0,4.363136696599612
2026-05-20 06:00:00+00:00,63.0321860563953,26.683978797654806,0.1791763255070181,3.1166814878646347
2026-05-20 07:00:00+00:00,62.573106705602065,25.907112443084408,3.7801347942882777,2.931992174770542
2026-05-20 08:00:00+00:00,66.34548864429388,27.541960208890213,5.952853946043959,2.8257768327543173
2026-05-20 09:00:00+00:00,69.04168482817758,27.189148350031466,9.095207631316931,3.9299916504231485
2026-05-20 10:00:00+00:00,71.05646569445548,30.805075807789326,11.875870795929593,5.005292060332412
2026-05-20 11:00:00+00:00,70.32429867168295,30.670494542753946,11.941234134697012,2.0934961571590534
2026-05-20 12:00:00+00:00,68.64860340551138,31.900939036774922,15.318906783732414,4.819965712652453
2026-05-20 13:00:00+00:00,68.05584943376216,31.679817873767767,12.487654186851387,7.1224351743693335
2026-05-20 14:00:00+00:00,71.07830549698706,32.4056982135144,14.542299368240085,6.685814600438247
2026-05-20 15:00:00+00:00,67.66510337111156,29.8012129544829,10.731193266107402,4.410704912051505
2026-05-20 16:00:00+00:00,77.55654526473415,29.18746672135828,5.776223511510311,3.3885337500926043
2026-05-20 17:00:00+00:00,86.36842416170805,32.25119272674681,3.1582691391236035,6.101168148849825
2026-05-20 18:00:00+00:00,82.72273479182608,26.69479006471206,0.05905173250323112,2.325002348935044
2026-05-20 19:00:00+00:00,76.79188814205423,25.36119844174528,0.0,7.234053149860628
2026-05-20 20:00:00+00:00,78.55472150144297,27.319153607504788,0.08944585585259031,5.489387047963123
2026-05-20 21:00:00+00:00,79.24360581710161,27.14415574819857,0.32107647614963136,8.458641063575119
2026-05-20 22:00:00+00:00,63.35707820292717,20.999731735534336,0.22296417416922684,3.5810274196199523
2026-05-20 23:00:00+00:00,59.30722433145311,21.000252917725714,0.0,7.3854047152909645
2026-05-21 00:00:00+00:00,52.9544970708749,21.24254274010684,0.821080845965203,6.057493505493183
2026-05-21 01:00:00+00:00,48.79874374705154,22.692471162036604,0.15568656456083055,5.829656810982527
2026-05-21 02:00:00+00:00,53.24411584545612,19.62793026938614,0.21883665009655315,4.46672400901264
2026-05-21 03:00:00+00:00,52.8959665515419,21.106785182257422,0.5222459470252844,7.306134403385892
2026-05-21 04:00:00+00:00,55.06660412983419,23.27687108473728,0.1812964998482994,7.5022272572980055
2026-05-21 05:00:00+00:00,55.7208797498638,24.097740796573387,0.0,9.13409753880251
2026-05-21 06:00:00+00:00,60.068400717446295,24.56091475761358,0.0,8.120991483210165
2026-05-21 07:00:00+00:00,63.30498466882046,26.393704365494695,3.9120177425678873,5.948383927086855
2026-05-21 08:00:00+00:00,64.7384810682908,26.446288467346587,3.6305710918891556,5.43966763241541
2026-05-21 09:00:00+00:00,77.78676885753153,29.24628039346836,5.4871879738041525,4.989367881394425
2026-05-21 10:00:00+00:00,69.64159720487334,30.4437876303086,11.77186974315323,9.022728437109667
2026-05-21 11:00:00+00:00,69.53982163738426,31.984175450703685,17.461028961163368,5.920356008824707
2026-05-21 12:00:00+00:00,71.12469312542507,31.627073736729596,13.272267549470858,9.126198754853673
2026-05-21 13:00:00+00:00,75.19499532180998,33.052135878008954,13.72988199836777,7.8274251930562295
2026-05-21 14:00:00+00:00,73.55409466352455,33.485368612738455,15.574128695172394,7.586900852067495
2026-05-21 15:00:00+00:00,75.59627312326539,31.84537501914713,12.980864593625537,6.7223090840299555
2026-05-21 16:00:00+00:00,72.99328546061534,31.115497119222905,6.836306409815329,8.097856427512454
2026-05-21 17:00:00+00:00,78.67207873916811,29.502466017770743,2.7663819062519943,7.166289101838678
2026-05-21 18:00:00+00:00,76.88368629580572,27.979516440633184,0.0,6.680086368403728
2026-05-21 19:00:00+00:00,79.08366440928101,25.548343922121678,0.42425805269425193,8.17440670130748
2026-05-21 20:00:00+00:00,71.93372464180268,25.228697371992546,0.772948239889324,6.99542402355048
2026-05-21 21:00:00+00:00,66.50283476383707,23.272572822821807,0.12003575632104017,6.070279479575844
2026-05-21 22:00:00+00:00,66.73700794965865,24.64587043498494,0.0,8.012671834954215
2026-05-21 23:00:00+00:00,61.99318449401202,23.055870180388656,0.37855918433722235,7.062344803734382
2026-05-22 00:00:00+00:00,50.95011285487512,21.01864132056471,0.4343513376158415,7.809510834296878
2026-05-22 01:00:00+00:00,52.75396251811155,19.422592561084,0.0,6.456920534153478
2026-05-22 02:00:00+00:00,52.80051379673406,19.194791372316963,0.1651536560887731,5.361107111740507
2026-05-22 03:00:00+00:00,50.95579919997799,22.54533717898102,0.5902636312059847,9.438903554333708
2026-05-22 04:00:00+00:00,49.59836898270037,22.37155447971765,0.9452294966372259,9.125470328283415
2026-05-22 05:00:00+00:00,54.82255031528655,23.86174730344301,0.37130247961764595,8.14255483409251
2026-05-22 06:00:00+00:00,57.576964940354095,22.62573898557137,0.022069448332796563,6.302140289955951
2026-05-22 07:00:00+00:00,67.63921284253864,27.371566959969492,2.7920078497873706,6.3593922251993815
2026-05-22 08:00:00+00:00,69.98443868559775,28.3432479497476,8.497000142225746,8.644979539460387
2026-05-22 09:00:00+00:00,66.66035711117235,27.89880612935394,11.747079101179247,6.139556563455886
2026-05-22 10:00:00+00:00,72.98432856395506,29.894333776196785,15.683277517631089,5.670056467724188
2026-05-22 11:00:00+00:00,72.89439490001384,31.716243114238555,11.855604915473053,9.093215879880525
2026-05-22 12:00:00+00:00,69.89846469372193,32.048160689264584,13.204343560840845,6.317756106050219
2026-05-22 13:00:00+00:00,68.14189343059776,31.824965081620682,15.398061580961183,8.768923014962827
2026-05-22 14:00:00+00:00,68.82095731579842,31.832774947477137,14.241283449247645,4.240457202067061
2026-05-22 15:00:00+00:00,74.49755787976726,31.04093244156046,8.750677273126762,6.825458835898302
2026-05-22 16:00:00+00:00,72.99153466601977,30.55852817549191,7.362369903317639,8.898294738330268
2026-05-22 17:00:00+00:00,80.24743697280925,30.88417617453328,3.8762559933201404,5.936471657289173
2026-05-22 18:00:00+00:00,73.57853712170649,24.576798112121686,0.0,5.418803199824748
2026-05-22 19:00:00+00:00,81.83716003764786,25.805057752618435,0.0,4.044984702987102
2026-05-22 20:00:00+00:00,76.64934501371293,24.73349985172546,0.8294485838056562,7.084682175434892
2026-05-22 21:00:00+00:00,65.86107714014068,23.415031316090932,0.0,4.379226404102112
2026-05-22 22:00:00+00:00,67.51147506363006,21.356058944727067,0.0,5.2114238399425235
2026-05-22 23:00:00+00:00,62.73307489639387,18.725857588139178,1.3656443545797758,3.501659427479184
2026-05-23 00:00:00+00:00,41.783205773120265,20.613116348643928,0.29544103674581845,7.29479154387088
2026-05-23 01:00:00+00:00,38.939581301691646,22.072820256997023,0.0,6.616839435015957
2026-05-23 02:00:00+00:00,44.52985710769518,18.348658476573156,0.0,4.840642247367142
2026-05-23 03:00:00+00:00,47.502022508549544,21.810060434223868,0.033727283033930834,3.1542288709894635
2026-05-23 04:00:00+00:00,48.78703591846834,21.31744656565246,0.42306262295280295,6.806114045851176
2026-05-23 05:00:00+00:00,44.89422970236333,22.865353910577166,0.9197510014112817,4.030289862334926
2026-05-23 06:00:00+00:00,53.3250176175983,23.107104743010204,0.19427584063960773,2.8833113236299264
2026-05-23 07:00:00+00:00,50.36508330188237,25.50663359265204,2.9945269322812558,1.8531973949135598
2026-05-23 08:00:00+00:00,63.078053766512234,29.005363410473493,9.3935422210491,3.307239326349059
2026-05-23 09:00:00+00:00,65.11044768387357,29.575928583963403,11.095191978283255,2.0686860136913277
2026-05-23 10:00:00+00:00,72.49941501276399,32.18243680722781,11.687585807281156,3.129271729441046
2026-05-23 11:00:00+00:00,70.67288431210655,32.454283212961265,11.238816466244588,4.942172227176803
2026-05-23 12:00:00+00:00,66.75357510899319,32.151845457762384,11.853761995291212,3.2762338934016153
2026-05-23 13:00:00+00:00,63.57308247989739,33.90619471755295,14.139091269593768,4.2048431799157555
2026-05-23 14:00:00+00:00,66.12820405552486,32.11984488607086,13.20923481999877,2.602826616345234
2026-05-23 15:00:00+00:00,68.91325267028346,31.97120049184165,8.00502219329545,3.619149358920436
2026-05-23 16:00:00+00:00,64.00196833557838,29.652122407607813,6.479397911183036,6.133626232310024
2026-05-23 17:00:00+00:00,67.65342910168779,28.82906816586287,0.3583234910826323,2.8772008747120763
2026-05-23 18:00:00+00:00,73.45705980218233,26.449008136103387,0.0,3.8284800974621853
2026-05-23 19:00:00+00:00,73.33037226206514,26.904236620604426,0.0,1.0284244939193004
2026-05-23 20:00:00+00:00,63.32895695222452,22.73353614416597,0.0,5.283073321903688
2026-05-23 21:00:00+00:00,62.03239716882352,23.622860697552532,0.7597623396545922,2.4266548311514216
2026-05-23 22:00:00+00:00,58.395473133486675,21.196191762342067,0.0,4.510532756654694
2026-05-23 23:00:00+00:00,52.80332376036603,21.860480398368466,0.44046173159959895,2.817747579123812
2026-05-24 00:00:00+00:00,41.28423052979779,20.740097141553285,0.0,3.8023341727352857
2026-05-24 01:00:00+00:00,48.856594394666466,21.80280937792606,0.0,3.847093062246063
2026-05-24 02:00:00+00:00,47.10595185187414,20.68278627064051,0.0,2.241546706846248
2026-05-24 03:00:00+00:00,44.2031280919574,18.50214267995495,0.0,4.376744288452221
2026-05-24 04:00:00+00:00,45.11653119043443,21.24504619481072,0.0,1.7645068411003586
2026-05-24 05:00:00+00:00,47.76150535422672,21.144866080520217,0.08501215712728526,3.9011597382283583
2026-05-24 06:00:00+00:00,47.07059286498002,23.359626670701857,0.0,2.2567276117067943
2026-05-24 07:00:00+00:00,59.35736266873584,27.331112210137107,3.845208046953679,3.2893811280848837
2026-05-24 08:00:00+00:00,59.221540149734075,27.818714851801246,6.3790847168981095,2.156224820243972
2026-05-24 09:00:00+00:00,61.802317055684526,27.645127276904837,11.896023282728724,2.882018194779033
2026-05-24 10:00:00+00:00,60.49955208859817,28.493070575102614,9.796876286650006,1.3225144683222225
2026-05-24 11:00:00+00:00,60.913260783700366,30.685393042845874,17.047674108507024,3.1946550569499386
2026-05-24 12:00:00+00:00,62.436679719652666,29.768562006353264,17.958088739249018,2.936826151107469
2026-05-24 13:00:00+00:00,60.49818594632696,30.610455048759622,12.745729436083154,2.1514606884492
2026-05-24 14:00:00+00:00,64.85322789400361,31.5687021924303,6.042138090953872,2.869083908759741
2026-05-24 15:00:00+00:00,63.32533249646644,31.964144856787755,8.361624006365062,3.1778062598213515
2026-05-24 16:00:00+00:00,67.68416121480378,30.33762550477291,8.527533082189949,2.1768857722144332
2026-05-24 17:00:00+00:00,66.22288182617527,25.59774894501614,3.286231379177565,2.9144821056526946
2026-05-24 18:00:00+00:00,73.36557223649555,27.248249557172795,0.0,1.7471520332671784
2026-05-24 19:00:00+00:00,65.48878180274895,25.399309217959555,0.2834853297918617,6.504188866920522
2026-05-24 20:00:00+00:00,67.13160902547888,24.23937289409133,0.0,4.7730450090861245
2026-05-24 21:00:00+00:00,63.5366331943843,24.21779781990158,1.2603543460789848,3.7474131318339015
2026-05-24 22:00:00+00:00,60.29316420838984,18.542525765155126,0.44284282682636616,5.085323179856972
2026-05-24 23:00:00+00:00,51.6708442475564,19.338262153874336,0.6521650663302391,0.7569591986532207
2026-05-25 00:00:00+00:00,46.99588426457107,20.13993905715343,0.3976215060368793,0.03474350672275328
2026-05-25 01:00:00+00:00,49.40465395340876,17.311143647190576,0.9264324874692864,3.147864958506689
2026-05-25 02:00:00+00:00,49.51270862538374,21.16727540497025,0.0,1.8718043219239875
2026-05-25 03:00:00+00:00,53.62635737856936,20.420186998029475,0.0,3.5687522657723387
2026-05-25 04:00:00+00:00,46.586948270445326,21.930178287348493,0.0,4.289140197405856
2026-05-25 05:00:00+00:00,52.82990339460706,21.454380553662094,0.2791092877737688,5.393759682910089
2026-05-25 06:00:00+00:00,60.741368457144816,24.54569923641404,0.07575848587398923,2.6180209330150417
2026-05-25 07:00:00+00:00,63.64215161070135,26.38683777967273,3.87532082120509,4.879645572999211
2026-05-25 08:00:00+00:00,69.07605194636837,26.9196066695104,6.7302996468445935,4.450743671187576
2026-05-25 09:00:00+00:00,66.90104402005153,28.351080064643437,10.143970087233852,5.029107314107243
2026-05-25 10:00:00+00:00,67.47586559241982,29.619406470873102,15.987913731915405,3.9281634458564483
2026-05-25 11:00:00+00:00,70.67260897040195,29.195042917893943,14.829496387392528,6.706426576618128
2026-05-25 12:00:00+00:00,69.43130972739804,30.635973612442733,7.947130117865295,4.739948788463904
2026-05-25 13:00:00+00:00,67.41066336035136,30.816972961057168,13.69502658079598,7.483855112905275
2026-05-25 14:00:00+00:00,66.45736259091005,31.238174523961856,15.63890803569343,4.008594988579363
2026-05-25 15:00:00+00:00,73.38085176197069,31.361036706124416,9.126350453110017,6.269920895126612
2026-05-25 16:00:00+00:00,69.2469407193909,27.920043492129448,3.7925272726170682,5.260619950303768
2026-05-25 17:00:00+00:00,78.82885488761106,27.780190170211505,4.33418125102625,4.998566336465602
2026-05-25 18:00:00+00:00,87.55344589751684,28.243422153075223,0.0,6.454643375880113
2026-05-25 19:00:00+00:00,75.6502266251252,24.003022212939037,0.0,5.260994516759461
2026-05-25 20:00:00+00:00,72.0171887320038,22.338288629566776,0.0,2.0616580169793974
2026-05-25 21:00:00+00:00,64.11867227313869,22.103254482709183,0.0,1.606805242322734
2026-05-25 22:00:00+00:00,60.62719071367088,21.613703350007412,0.0,7.780170123824668
2026-05-25 23:00:00+00:00,62.98556190233974,19.64324735847084,0.5535796427216476,7.822361841031572
2026-05-26 00:00:00+00:00,49.00494919036031,20.607506245749526,0.14653832663345828,8.840483201791383
2026-05-26 01:00:00+00:00,50.67493428029189,19.819095852544525,0.13265884003899156,6.2685880074483915
2026-05-26 02:00:00+00:00,53.15172790972166,19.98822269499785,0.0,4.574816137512588
2026-05-26 03:00:00+00:00,55.0813619909689,20.225048692071983,0.0,5.884669954278086
2026-05-26 04:00:00+00:00,51.909588315610925,23.289490648855917,0.18050055181572017,6.571629240116238
2026-05-26 05:00:00+00:00,52.92529811519541,21.47545977144062,0.3580978698563377,5.225065102051115
2026-05-26 06:00:00+00:00,56.1724463490793,20.747240156645837,0.0,9.017725727368745
2026-05-26 07:00:00+00:00,62.14704189361128,26.612236303740108,4.688634613951743,9.915141419126117
2026-05-26 08:00:00+00:00,62.86765068542683,25.67357974174558,8.046600745922749,7.5146682305021795
2026-05-26 09:00:00+00:00,69.90193571872233,27.78216017787778,11.424447719886729,6.890046642948293
2026-05-26 10:00:00+00:00,73.49816609092886,30.449630457967622,13.058124692861323,5.147260583350203
2026-05-26 11:00:00+00:00,69.96822080251019,27.891822982682832,11.652141353246952,9.174807461432193
2026-05-26 12:00:00+00:00,64.91805154268485,28.89484243197265,16.72562345621836,7.1607064734825085
2026-05-26 13:00:00+00:00,65.45543114605694,28.662643093821856,13.781681933888052,6.6874941780744805
2026-05-26 14:00:00+00:00,63.4209671867829,29.409712181827693,11.079867528089263,7.7986805419803025
2026-05-26 15:00:00+00:00,72.08143767369373,30.273814241239293,9.424321442057604,6.331928581029511
2026-05-26 16:00:00+00:00,72.07150232922041,29.404775370782797,8.825706517022505,7.37853959167985
2026-05-26 17:00:00+00:00,77.66968818266763,27.847685223994926,1.7755409443450925,5.168494578626278
2026-05-26 18:00:00+00:00,75.06297991172327,24.356835201835406,0.2758641345218922,8.71890704141347
2026-05-26 19:00:00+00:00,74.50741666847676,21.710237785835787,0.21322370809913752,7.053824542410058
2026-05-26 20:00:00+00:00,78.16957551411427,22.977833279696817,0.0,8.81930618134768
2026-05-26 21:00:00+00:00,72.3104637329575,20.882594048,0.5547120945960284,6.906357520831935
2026-05-26 22:00:00+00:00,66.98678632723308,20.740591549532805,0.0,6.9822347570117325
2026-05-26 23:00:00+00:00,61.53535435450604,20.06144851931342,0.0,5.454680322005633
2026-05-27 00:00:00+00:00,55.07980660398444,18.76892316172746,0.8182126061708325,8.188696580061352
2026-05-27 01:00:00+00:00,48.30733995095942,19.29412571370113,0.43429096886695634,5.866148400217011
2026-05-27 02:00:00+00:00,54.580788066962555,18.84488937839349,0.0,6.372885615814922
2026-05-27 03:00:00+00:00,49.52359499306199,19.788788915100813,0.14369035482177525,7.011266067329276
2026-05-27 04:00:00+00:00,51.08102835992318,19.244137678969313,0.07739612226191916,7.129928210379509
2026-05-27 05:00:00+00:00,55.17175381637291,21.100426016750912,0.0,4.516720172020903
2026-05-27 06:00:00+00:00,58.927626745645156,22.982802282854287,0.0,6.521947037796713
2026-05-27 07:00:00+00:00,58.47301569380861,25.267898271410303,4.633319503290733,7.893159693726086
2026-05-27 08:00:00+00:00,62.317392335530116,25.347422410497046,8.821694261720346,6.18004786687187
2026-05-27 09:00:00+00:00,69.2236996430573,27.87618752004671,12.648365828525526,6.3202941601516205
2026-05-27 10:00:00+00:00,68.50266202638846,28.15826727209065,10.081856463443762,6.783003389790225
2026-05-27 11:00:00+00:00,69.72333074017588,29.273639564934328,14.030959496394141,6.295742728423692
2026-05-27 12:00:00+00:00,76.20868858167398,30.993479670312805,14.935204909442797,4.9417831569669985
2026-05-27 13:00:00+00:00,63.17524509757246,27.79485426858341,8.060647748617418,6.242242981909776
2026-05-27 14:00:00+00:00,61.77653792003295,28.410401678732217,13.312674547799919,7.589908315041315
2026-05-27 15:00:00+00:00,62.226415266506656,27.57229342229385,12.649890310946907,4.628353673826074
2026-05-27 16:00:00+00:00,65.61651447250125,25.581279149684725,7.91080972902074,5.4745044541468575
2026-05-27 17:00:00+00:00,71.03034644987176,26.309340378235635,5.7796617118508715,3.9605367612576514
2026-05-27 18:00:00+00:00,79.16152615263546,26.559839324068797,0.0,7.10634421968615
2026-05-27 19:00:00+00:00,75.55079616940532,23.750158120861816,0.0,5.550535898051852
2026-05-27 20:00:00+00:00,72.20970357844845,22.760936601245028,0.0,4.379122412177335
2026-05-27 21:00:00+00:00,73.74123984513712,22.368117870481168,0.0,5.586577559999523
2026-05-27 22:00:00+00:00,62.9637277065719,21.396265151082726,0.4499129160641415,3.659115522234878
2026-05-27 23:00:00+00:00,59.65171210658016,18.751262815129326,0.4066288393598197,3.7830688751442643
2026-05-28 00:00:00+00:00,53.16326849249624,19.843900989541932,0.0,3.070952161941994
2026-05-28 01:00:00+00:00,53.698136692705155,18.110551990120932,0.0,3.5065090674196417
2026-05-28 02:00:00+00:00,54.34385372293429,17.18449044775123,0.0,6.7851335138652535
2026-05-28 03:00:00+00:00,52.934296545139084,18.060491004834777,0.0,3.743671717015529
2026-05-28 04:00:00+00:00,54.7942231745512,17.935718368370797,0.0,5.30855934862357
2026-05-28 05:00:00+00:00,52.56504829135644,19.874400847053206,0.0,3.371772292262638
2026-05-28 06:00:00+00:00,58.29384239141538,21.94286648700191,0.1262246572961964,5.493945344842968
2026-05-28 07:00:00+00:00,62.715935906429884,24.875023953224268,4.079790734754327,2.883647811071272
2026-05-28 08:00:00+00:00,71.33813656561912,27.51396409739019,8.38486992620071,4.266509609866795
2026-05-28 09:00:00+00:00,60.66014567440975,25.22299637460606,10.111320109907146,4.179171219049772
2026-05-28 10:00:00+00:00,67.19282771223948,28.581221175181522,13.036150228980043,7.260148371570228
2026-05-28 11:00:00+00:00,67.30574593611611,27.800346823015495,11.387018963799031,4.782595403172227
2026-05-28 12:00:00+00:00,60.820669894717554,30.20378555246837,18.12516164659523,2.9717285029059597
2026-05-28 13:00:00+00:00,65.90548903527093,29.66712551458978,15.284596287056681,4.66594099406728
2026-05-28 14:00:00+00:00,63.77706485207879,27.408822393214688,13.444862931460671,6.60893939836965
2026-05-28 15:00:00+00:00,70.14215911029443,30.106478766284717,7.135857809548427,1.246422139332505
2026-05-28 16:00:00+00:00,69.5331421117116,27.29911697373137,5.382797268539177,2.2648902217933777
2026-05-28 17:00:00+00:00,70.63390264150316,26.127996763300416,4.742845715401007,3.0334248011911207
2026-05-28 18:00:00+00:00,72.1893029950975,24.02418210379226,0.4271923303391878,2.7063553667959366
2026-05-28 19:00:00+00:00,73.69639647943123,22.956219285875257,0.0,2.7543032347132943
2026-05-28 20:00:00+00:00,71.97043265125824,22.688397817663247,0.0,1.3289995786895255
2026-05-28 21:00:00+00:00,67.77742496184123,20.487331571503233,0.08958588730043712,5.060282586644254
2026-05-28 22:00:00+00:00,64.01819158331026,19.852857618959327,1.428736537732353,1.048133608918322
2026-05-28 23:00:00+00:00,59.42357627097513,18.926035744026965,0.15056237142601214,2.7099020597147803
2026-05-29 00:00:00+00:00,55.62848160541787,19.463998932467916,0.8031805753153591,4.410285890171134
2026-05-29 01:00:00+00:00,50.811185404748684,17.250395406245026,0.6028365725959778,2.8654168641464692
2026-05-29 02:00:00+00:00,52.67970072110605,16.08103524681939,0.18400501824725937,1.5038113485001714
2026-05-29 03:00:00+00:00,50.94516115371037,19.72051775705475,0.0,0.9599293594620888
2026-05-29 04:00:00+00:00,51.3140045067825,18.982864354976503,0.5298768054091175,2.505086776251802
2026-05-29 05:00:00+00:00,50.40823603514721,21.948194192574856,0.0,1.7522104379991457
2026-05-29 06:00:00+00:00,52.88798655407602,22.505319736604136,0.800437561838546,3.090338551924107
2026-05-29 07:00:00+00:00,56.79779496371395,23.42842140138289,2.3350520909628325,0.8379683931861486
2026-05-29 08:00:00+00:00,64.74589886119949,25.54494444516232,7.029316128161854,3.941265055182608
2026-05-29 09:00:00+00:00,74.46613502344309,28.90253547147426,8.376087186275669,2.9738211626200486
2026-05-29 10:00:00+00:00,69.2945791248553,30.28426857995921,11.38541486006147,3.092856602784164
2026-05-29 11:00:00+00:00,66.98883996465284,28.816702381627625,7.632013430088575,4.86558276792165
2026-05-29 12:00:00+00:00,63.38913270814322,29.513228996094654,12.197609926996366,2.2620494844434367
2026-05-29 13:00:00+00:00,67.1306692170799,30.805198538004873,13.112903908148423,1.891532291524148
2026-05-29 14:00:00+00:00,65.79371070725801,28.28285027683559,14.116573468556405,2.179253982020533
2026-05-29 15:00:00+00:00,68.09090974095041,29.086417709402994,8.125148165838867,2.7206627958537166
2026-05-29 16:00:00+00:00,70.45263453490314,27.690793338374593,9.015782833644955,2.9124347940777304
2026-05-29 17:00:00+00:00,78.05415673996615,26.844600967511106,2.885576535456677,1.9317672804317527
2026-05-29 18:00:00+00:00,74.47210798534533,24.0096225367004,0.6136455733210977,0.3226053962737807
2026-05-29 19:00:00+00:00,73.13340039883563,21.5382270851153,0.0,2.434862011144463
2026-05-29 20:00:00+00:00,73.59690936014853,19.394289292490498,0.15658280366617472,3.7940348175963114
2026-05-29 21:00:00+00:00,67.71007245610662,19.083117557199028,0.033984985581812614,3.5558430127046186
2026-05-29 22:00:00+00:00,65.47058649645753,18.620242290371046,0.0,5.12374133914575
2026-05-29 23:00:00+00:00,60.92279998980774,17.854746653220268,0.0,6.265593827559819
2026-05-30 00:00:00+00:00,41.619678474356455,19.921408715946576,0.005955508124315704,4.678562419732205
2026-05-30 01:00:00+00:00,44.771765262625735,18.709158055138865,0.990599999343482,5.642401344328073
2026-05-30 02:00:00+00:00,44.37517835541574,16.421704665943,0.2896349059494055,4.875278132135307
2026-05-30 03:00:00+00:00,45.985879585829984,18.582793631656536,0.0,6.293858958298337
2026-05-30 04:00:00+00:00,47.20847021386312,18.620613052016296,0.0,6.592415988580764
2026-05-30 05:00:00+00:00,47.84749750895675,20.000688249241804,0.3665267965021899,5.436810624323737
2026-05-30 06:00:00+00:00,48.65323094983026,22.001704864548994,0.0,5.200522715994753
2026-05-30 07:00:00+00:00,53.873657103933326,24.065664204479624,5.160602066513581,4.032837571662803
2026-05-30 08:00:00+00:00,52.943520732675445,24.459021198328536,8.535669585508423,4.372725907424983
2026-05-30 09:00:00+00:00,59.28665810108426,27.58052564696838,9.348658175235997,4.069622016310558
2026-05-30 10:00:00+00:00,50.6591831303685,26.167034487040215,11.9817475013657,5.5255964321645665
2026-05-30 11:00:00+00:00,59.07499805529582,28.489424696137128,15.416835756059484,3.761550128508079
2026-05-30 12:00:00+00:00,62.8010207013158,32.189505108766355,11.930946640360949,4.617312202573647
2026-05-30 13:00:00+00:00,58.648496828431554,29.53564488358145,15.416438045498264,1.7027621607503782
2026-05-30 14:00:00+00:00,56.994083602162625,30.774700973782018,12.18367606846349,7.527464956415988
2026-05-30 15:00:00+00:00,59.49142799562043,28.556737222235693,7.699694887710476,4.921298203567983
2026-05-30 16:00:00+00:00,65.87908907610827,28.18193897619111,5.956922694014715,5.981968435359716
2026-05-30 17:00:00+00:00,63.50682382526193,26.16596498101092,4.427775217211864,7.498307092395034
2026-05-30 18:00:00+00:00,68.15173234346695,24.57440350686164,0.0,5.989812711643191
2026-05-30 19:00:00+00:00,65.98086046459983,22.28260807555276,0.9884876840565899,7.701918570555683
2026-05-30 20:00:00+00:00,66.18282701570254,22.173578636929886,0.0,4.049976551987749
2026-05-30 21:00:00+00:00,63.39052080651355,19.180567280378746,0.0,9.251147840203538
2026-05-30 22:00:00+00:00,59.44992015623879,19.75089102775711,0.0,7.520733377311271
2026-05-30 23:00:00+00:00,52.976305482930435,19.29357640855516,0.03359055482699059,6.392883489481294
2026-05-31 00:00:00+00:00,42.556498796344066,17.82436018919718,0.0,8.193316942708673
2026-05-31 01:00:00+00:00,43.63588805739721,16.82941060444797,0.0,4.657038714658312
2026-05-31 02:00:00+00:00,45.998862333037195,17.91508358866578,0.0,5.98044403003235
2026-05-31 03:00:00+00:00,42.34908337450537,17.592430203732793,0.08740966351040348,8.49403788895282
2026-05-31 04:00:00+00:00,45.19981341487045,20.032256798416324,0.0,3.9417506653574486
2026-05-31 05:00:00+00:00,45.686239409093545,17.947944989808278,0.9404381535039247,7.419559500992589
2026-05-31 06:00:00+00:00,48.91252080212449,21.183521751678448,0.0,7.4547677389885525
2026-05-31 07:00:00+00:00,49.27799339815077,20.7438647528568,3.773237676584832,9.536753531175913
2026-05-31 08:00:00+00:00,50.11712542558446,22.885496895845684,7.059650158254572,4.628937661868807
2026-05-31 09:00:00+00:00,63.63771779772491,27.757249434204873,7.382217231945302,9.15873936817005
2026-05-31 10:00:00+00:00,64.66907687927745,28.43157968330095,9.858457339532249,6.176955312805948
2026-05-31 11:00:00+00:00,53.37871490851234,27.44173899156625,13.20929127946614,6.383986762937127
2026-05-31 12:00:00+00:00,55.68117529845503,27.095903500072936,9.117731189688918,5.343070796550133
2026-05-31 13:00:00+00:00,52.360413114681215,25.540452361999712,12.61819187921419,5.569331483395642
2026-05-31 14:00:00+00:00,57.55421890354003,28.235926446718796,12.167120304254762,7.6899681042714425
2026-05-31 15:00:00+00:00,65.01173326128821,31.188040925477445,8.78609273614976,5.594660040920475
2026-05-31 16:00:00+00:00,61.830341470295565,27.846862343139275,6.4575949988502614,8.209312416423383
2026-05-31 17:00:00+00:00,64.56011581070105,25.405989864863976,4.259052938723688,6.259795704052547
2026-05-31 18:00:00+00:00,69.0544728485247,25.18374961559825,0.0,5.498737648271955
2026-05-31 19:00:00+00:00,67.69428259145946,21.194998323828532,0.0,6.461067195096148
2026-05-31 20:00:00+00:00,65.5692372315254,21.154002413391495,0.0,7.668375044918891
2026-05-31 21:00:00+00:00,59.89545893829415,20.178781515066895,0.0,6.7996536031067745
2026-05-31 22:00:00+00:00,58.30767493525146,18.709298689900105,0.0,7.2208085149752215
2026-05-31 23:00:00+00:00,53.676049831307424,18.804074793750996,0.0,8.12661516818489
2026-06-01 00:00:00+00:00,51.753361328501704,17.665427299508988,0.0,8.640426850099681
2026-06-01 01:00:00+00:00,51.72766739865594,17.845696020261986,0.0,6.658190903824136
2026-06-01 02:00:00+00:00,55.32298764037093,16.41854889434702,0.0,5.591966116487223
2026-06-01 03:00:00+00:00,50.2401202844774,18.9179717004907,0.6002101999551003,7.116332277305249
2026-06-01 04:00:00+00:00,55.08020436688603,20.745573834901595,0.20179403514055141,7.619123773760114
2026-06-01 05:00:00+00:00,52.27748289361814,18.86620507039389,0.09373383608626386,4.860240459965034
2026-06-01 06:00:00+00:00,58.72813151435589,20.40927973945294,0.0,5.598223633669318
2026-06-01 07:00:00+00:00,62.78111340813507,24.627564522394003,3.700690083037442,5.7729757332767715
2026-06-01 08:00:00+00:00,61.40494204863499,24.34526975985722,5.332434785566706,6.418770050996812
2026-06-01 09:00:00+00:00,73.4852457284476,27.704049532996727,6.502765498942101,5.569471150972777
2026-06-01 10:00:00+00:00,66.50110795901317,26.728708110101042,12.989194358174755,7.545491933746067
2026-06-01 11:00:00+00:00,68.43982298678623,29.95711481094884,8.515713331450335,4.224900851947706
2026-06-01 12:00:00+00:00,64.07765941493584,28.966194226547778,13.578448099466431,4.172898684237451
2026-06-01 13:00:00+00:00,66.21779148596394,29.32083079725069,17.017886441169257,5.825683218927402
2026-06-01 14:00:00+00:00,71.26977562834034,30.68242418700394,6.8126252446115645,5.952291951237262
2026-06-01 15:00:00+00:00,64.23746887747116,27.769638453590137,6.835747553533652,4.063498577998656
2026-06-01 16:00:00+00:00,67.60747503666869,26.119459504543077,5.247512881090869,5.149330719720413
2026-06-01 17:00:00+00:00,71.963797716856,25.466594849846327,4.599284972289714,5.333359270380028
2026-06-01 18:00:00+00:00,74.24488284379329,25.09944541454316,0.0,5.237792363168657
2026-06-01 19:00:00+00:00,79.71615311681016,21.123830043874236,0.0,5.892471464229891
2026-06-01 20:00:00+00:00,73.612550938339,22.213954369402504,0.6058744535980783,4.643191461032557
2026-06-01 21:00:00+00:00,69.08316807644118,19.35469276482052,0.0,7.5263765398106575
2026-06-01 22:00:00+00:00,67.09308628744056,20.13541985580988,0.0,6.027642318715506
2026-06-01 23:00:00+00:00,59.15882908518375,14.931039821100018,0.0,4.1000036902909835
2026-06-02 00:00:00+00:00,53.79933112829618,16.260642266012244,0.0,5.247455194449082
2026-06-02 01:00:00+00:00,47.93323566583871,14.976238218519079,0.0,5.17362144604785
2026-06-02 02:00:00+00:00,50.49754373263282,16.213045836500502,0.2976430301690197,6.585470960562411
2026-06-02 03:00:00+00:00,54.2247269352927,18.101351268311316,0.33314364125657203,3.92950198032828
2026-06-02 04:00:00+00:00,55.85717171845553,18.542972712389897,0.25418766250897384,5.730118353720295
2026-06-02 05:00:00+00:00,52.228682240882016,19.697165263224193,0.0,4.601190546296398
2026-06-02 06:00:00+00:00,54.2494012757892,21.257967440565086,0.04325539539364756,6.518791223802733
2026-06-02 07:00:00+00:00,60.06516536727199,23.246806819234784,3.519788636867518,6.1274106460702935
2026-06-02 08:00:00+00:00,60.70354400626386,23.346401423439662,2.2180419100511535,4.487361537429978
2026-06-02 09:00:00+00:00,66.74989721820725,26.853091468559214,11.696994599956376,3.7379837158107594
2026-06-02 10:00:00+00:00,70.45279028346462,28.04400518411561,11.888781846662297,4.710469174124239
2026-06-02 11:00:00+00:00,65.86352578449437,28.665808551710462,12.809389586825715,3.6473699620219704
2026-06-02 12:00:00+00:00,60.91981888547542,29.47260269230157,16.41933301212092,6.1542240713366185
2026-06-02 13:00:00+00:00,61.9016117605855,29.366657810233846,12.651703845275051,3.8167305544043777
2026-06-02 14:00:00+00:00,70.35090515070293,31.250499209658514,8.360159617765715,3.047595454172387
2026-06-02 15:00:00+00:00,62.82921559648553,28.106547114160975,9.083260448648748,2.8844515455070225
2026-06-02 16:00:00+00:00,68.77716962783256,26.89125110237017,6.907285158113092,1.7461152621114109
2026-06-02 17:00:00+00:00,67.9179423545732,25.115230766088004,4.198684447228754,4.1442641632803845
2026-06-02 18:00:00+00:00,76.96617442092167,23.33616733919789,0.28919909900842133,2.14226320109937
2026-06-02 19:00:00+00:00,79.33602995823135,21.531257173688434,0.26149766412366415,4.757570165437965
2026-06-02 20:00:00+00:00,71.14338454223156,20.407957750433308,0.0,1.3448156749178681
2026-06-02 21:00:00+00:00,70.12430354447723,19.945568035993098,0.0,3.272882140236784
2026-06-02 22:00:00+00:00,62.44604915286289,19.192003651950063,0.13600055344159417,4.650098908682024
2026-06-02 23:00:00+00:00,59.60980483253253,17.901963680660636,0.0,0.0
2026-06-03 00:00:00+00:00,55.508683736155554,16.325953300108274,0.0,5.771694823015217
2026-06-03 01:00:00+00:00,50.76471745343328,18.123926275356343,0.22067934626497476,2.3122763880733075
2026-06-03 02:00:00+00:00,51.200913902351544,18.139148234786862,0.0,3.072496717191043
2026-06-03 03:00:00+00:00,49.90533994226641,17.66352947881648,0.11302979455101263,3.6481041941085093
2026-06-03 04:00:00+00:00,54.977677744188234,18.02912009848771,0.7963642280097842,3.843666329252472
2026-06-03 05:00:00+00:00,46.86320216014578,20.71752205244377,0.0,3.1954893437533527
2026-06-03 06:00:00+00:00,55.32005535904269,21.736358753611984,0.5896689048596031,4.199353440728853
2026-06-03 07:00:00+00:00,59.02956665800417,21.330395636123807,2.9327002323851468,3.5266989980905374
2026-06-03 08:00:00+00:00,61.29287504075429,24.544077057016594,4.177244999591739,5.2682486195851626
2026-06-03 09:00:00+00:00,68.24742423801591,26.39191958261262,12.176853546726095,3.5433103901862335
2026-06-03 10:00:00+00:00,67.76241237069026,26.245367473597593,10.4449094338813,5.577575378527017
2026-06-03 11:00:00+00:00,63.56415998029716,28.51135498218549,13.053941147644936,4.109585654718346
2026-06-03 12:00:00+00:00,66.32478285620819,27.14233407392861,12.689838397762376,0.3469130060884815
2026-06-03 13:00:00+00:00,64.3953347269532,30.7013102874243,10.913255089770939,6.563219413893639
2026-06-03 14:00:00+00:00,70.85034320619667,30.39644762939333,12.126761432348301,2.142041309838049
2026-06-03 15:00:00+00:00,66.1897265184815,28.00209447034444,12.882009605720398,5.083961614468704
2026-06-03 16:00:00+00:00,69.6842117402814,27.793502910341815,8.777160221973393,3.077296467152804
2026-06-03 17:00:00+00:00,68.23242805062287,23.22870839946833,1.877447544458109,4.580270472317846
2026-06-03 18:00:00+00:00,73.32637995646192,23.291952699799932,0.03529478770867095,2.191054275307952
2026-06-03 19:00:00+00:00,75.12889502337589,22.78030444282304,0.012885096847495644,4.0962049727005345
2026-06-03 20:00:00+00:00,71.30333529084228,20.299690967708592,0.09146437676947884,2.9358121212424972
2026-06-03 21:00:00+00:00,68.67098062671295,21.002908070023214,1.0531201488516664,5.575685740175567
2026-06-03 22:00:00+00:00,62.823611434710045,21.306356084755738,0.6202982730965361,4.058500515773406
2026-06-03 23:00:00+00:00,57.159476125740824,16.550900207073326,0.3925304591249929,4.838232363832701
2026-06-04 00:00:00+00:00,50.15783805351638,16.365368808593107,0.0,0.5857875196280506
2026-06-04 01:00:00+00:00,49.19922680441494,17.455447126686717,0.0,3.587070693252475
2026-06-04 02:00:00+00:00,50.801529935633454,19.317861878712048,0.0,4.376566412048552
2026-06-04 03:00:00+00:00,52.90549795122447,16.524382828172186,0.0,4.213060869015589
2026-06-04 04:00:00+00:00,52.69967367266812,19.251032090949323,0.25023226249255903,5.34684099977798
2026-06-04 05:00:00+00:00,58.32203169005967,22.387970528377394,0.17845442460785227,3.592913442040796
2026-06-04 06:00:00+00:00,51.530910117717575,19.6751060283657,0.0,4.279892458048823
2026-06-04 07:00:00+00:00,59.57050751106095,21.680703903408265,5.137056859914014,5.973880082556105
2026-06-04 08:00:00+00:00,62.36488305501486,24.27056467650568,5.131062138669095,1.2404334959509637
2026-06-04 09:00:00+00:00,66.7281423836497,25.60939871885565,10.52665796715594,5.367684982494602
2026-06-04 10:00:00+00:00,70.76346517105954,28.460128007099726,13.063605478455521,4.188405420520521
2026-06-04 11:00:00+00:00,66.26884153035692,28.736904672212848,16.049865591506457,3.492792006436096
2026-06-04 12:00:00+00:00,60.42420978860698,26.924889094284058,17.351596799807457,5.3560228102518925
2026-06-04 13:00:00+00:00,64.1922803766464,29.886441675912096,11.219462202595272,6.718431815532115
2026-06-04 14:00:00+00:00,65.71317886846829,28.379249972024578,8.035903350381036,6.569940467812335
2026-06-04 15:00:00+00:00,66.48308483758936,30.011154481631895,8.799043111845462,5.040804375919556
2026-06-04 16:00:00+00:00,70.3788196202119,26.784255314686796,7.8028589498749605,6.570193172353835
2026-06-04 17:00:00+00:00,71.88762014690877,25.539965467964468,2.471725784380263,6.672700777623253
2026-06-04 18:00:00+00:00,75.00439068245176,25.51548931195479,0.5612799350746758,5.4470821205351045
2026-06-04 19:00:00+00:00,74.48075914432664,24.238170642913474,0.5979920891908845,4.709524614841395
2026-06-04 20:00:00+00:00,72.80778332691241,22.31703332197398,0.16145461520236148,4.899081845428401
2026-06-04 21:00:00+00:00,71.97529446350909,18.319208074028147,0.7478533605900143,7.067815303182147
2026-06-04 22:00:00+00:00,71.49883466348464,19.754748263550585,0.5283049245208034,5.939773560229232
2026-06-04 23:00:00+00:00,62.54166079313995,16.92437382670611,0.34181436473986054,4.63534489237718
2026-06-05 00:00:00+00:00,50.45191823895091,17.858545339458868,0.0,3.8393979073202757
2026-06-05 01:00:00+00:00,52.649212750601535,15.67348468877123,0.8657143755161717,7.457691587978363
2026-06-05 02:00:00+00:00,53.05953188754502,18.13231789808283,0.2681507161041365,5.619015069139734
2026-06-05 03:00:00+00:00,49.70097402397869,17.238657872029936,0.0,6.934630191907856
2026-06-05 04:00:00+00:00,49.46984355974142,17.63149105198562,0.0,8.291224588507172
2026-06-05 05:00:00+00:00,53.751505521369296,21.280562656565436,0.12839189075692845,4.802424348455383
2026-06-05 06:00:00+00:00,57.98153256788947,22.171842841692143,0.0,6.646528782487349
2026-06-05 07:00:00+00:00,55.08396890193835,22.70893591541458,4.374009386021008,6.540865582918463
2026-06-05 08:00:00+00:00,65.27549270611732,26.751079722664965,4.905606945725752,7.376715275359074
2026-06-05 09:00:00+00:00,66.16158650921557,25.93912820787835,12.91322611577,8.640079886114371
2026-06-05 10:00:00+00:00,68.350306424789,27.760357964684346,10.043277977226873,5.098981812687037
2026-06-05 11:00:00+00:00,70.13690710715943,29.009429399475408,14.997586052909323,7.8075171350017945
2026-06-05 12:00:00+00:00,59.98885133059555,28.55404439520207,17.115312583985222,8.498010223285025
2026-06-05 13:00:00+00:00,70.75639800358373,30.079073901125128,14.68515539723977,6.831396446309841
2026-06-05 14:00:00+00:00,60.59378634535293,28.680857467516493,13.36876189965021,6.932611027785577
2026-06-05 15:00:00+00:00,62.06106263824191,28.23947903280884,10.645056878330006,7.737753838193263
2026-06-05 16:00:00+00:00,73.86444145863327,29.42706311285872,7.105804900540614,7.655658258355007
2026-06-05 17:00:00+00:00,68.76180052373228,25.31261713630778,3.1375680712761627,8.003241820124174
2026-06-05 18:00:00+00:00,72.78188271459199,22.23107697519137,0.42210059534644406,7.982777713421766
2026-06-05 19:00:00+00:00,77.30829753486552,25.51891083164118,0.5649851970537783,5.825238772138088
2026-06-05 20:00:00+00:00,74.67055299670861,25.104460743913577,0.0,8.583358073246984
2026-06-05 21:00:00+00:00,67.26224518102973,20.12436014054281,0.0,8.821444596876535
2026-06-05 22:00:00+00:00,65.31259447920726,17.056444512748985,0.0,7.433430400475721
2026-06-05 23:00:00+00:00,59.08626973124562,18.067270085733238,0.5615510551304475,5.060107292444838
2026-06-06 00:00:00+00:00,46.68784590660654,17.509797087225465,1.0325121288504278,6.964392829435827
2026-06-06 01:00:00+00:00,44.02295085494146,17.433830178055576,0.04004131231154275,7.364492563566132
2026-06-06 02:00:00+00:00,42.5176567979106,16.543139295527897,0.0,5.451436605392297
2026-06-06 03:00:00+00:00,41.00288613074335,19.187202890284127,0.30444525828851554,6.505606717805907
2026-06-06 04:00:00+00:00,45.12929145467048,20.08787206656365,0.0,4.987097210632454
2026-06-06 05:00:00+00:00,43.8853407959366,18.921138036843754,0.0,7.755465003306783
2026-06-06 06:00:00+00:00,46.143797175426165,23.013965366863207,0.3132881948955019,7.0774126903428085
2026-06-06 07:00:00+00:00,57.343083531530915,26.204581196235395,4.494242729395542,4.475740956884946
2026-06-06 08:00:00+00:00,53.44056864700182,25.51423739626436,5.185251661890398,7.2017719214201135
2026-06-06 09:00:00+00:00,62.97348832787149,26.363886854866475,7.6429430690292435,6.5558060897038635
2026-06-06 10:00:00+00:00,61.17717551466907,27.854713971812817,12.52692449227914,7.278614914466575
2026-06-06 11:00:00+00:00,61.12495727690034,29.73083049676481,17.181932096947047,5.923941926731892
2026-06-06 12:00:00+00:00,53.79688411817538,27.529103457623066,7.2789503003189555,5.262433699269412
2026-06-06 13:00:00+00:00,60.35327737476887,30.021698338987814,14.2663876881868,5.213945078002514
2026-06-06 14:00:00+00:00,58.94166315050195,29.16559230695716,8.467722299565429,5.444767573865295
2026-06-06 15:00:00+00:00,64.60527084053011,31.266389565551794,8.385458694043882,6.126355135213481
2026-06-06 16:00:00+00:00,64.74608651308456,27.900820932703667,5.722871663611835,6.205920951021713
2026-06-06 17:00:00+00:00,67.77157271616386,28.88307932640193,3.775724463911793,5.627812785835418
2026-06-06 18:00:00+00:00,62.81746776599155,24.1245514626526,0.0,5.195762120404549
2026-06-06 19:00:00+00:00,66.351818090135,24.615432930133295,0.0,5.187872812417224
2026-06-06 20:00:00+00:00,66.6215460822041,22.7557668292407,0.0,9.08021659893525
2026-06-06 21:00:00+00:00,62.450489372014715,19.89730477409585,0.07408943893570742,4.378390507701576
2026-06-06 22:00:00+00:00,59.847590596200504,19.925237521013145,0.2808309039013677,4.562995011123835
2026-06-06 23:00:00+00:00,50.377603979865754,20.228794031671182,0.5633824041305177,9.841358370904256
2026-06-07 00:00:00+00:00,45.810691431378615,17.800818271200264,0.0,5.704557727179246
2026-06-07 01:00:00+00:00,44.46738686075669,15.969644820996283,0.2932911686667409,3.0680270677348216
2026-06-07 02:00:00+00:00,42.49850313476241,18.19852253028572,0.09790919394073055,6.064622981833687
2026-06-07 03:00:00+00:00,45.859096269409264,17.75132062304968,0.0,3.4959829359295647
2026-06-07 04:00:00+00:00,45.116342846551824,19.39223266596484,0.9502701277170549,5.928530287838622
2026-06-07 05:00:00+00:00,45.57418605895248,20.96315155080607,0.0,4.247247089081968
2026-06-07 06:00:00+00:00,49.48575066883528,20.476805843696184,0.20974863615485748,3.814883911489291
2026-06-07 07:00:00+00:00,51.256061591107816,22.153228993336093,4.853722783944248,6.572993568733738
2026-06-07 08:00:00+00:00,57.92716748241273,26.23899884702614,9.137818391164537,5.004552404723273
2026-06-07 09:00:00+00:00,59.629846601802136,26.49599527101823,5.867407044585023,5.467364597662135
2026-06-07 10:00:00+00:00,52.44128718519455,25.303925283318012,16.002083593690145,4.610108451900926
2026-06-07 11:00:00+00:00,64.02904993747907,30.292728743154996,9.917124742661827,3.277777666689666
2026-06-07 12:00:00+00:00,58.10060145827705,30.293012178751017,17.1844670792839,4.657690311328435
2026-06-07 13:00:00+00:00,54.6593277990896,29.32987692500462,16.316931430433947,5.399773994714806
2026-06-07 14:00:00+00:00,56.95371872435845,28.417860566614028,9.026518278486543,3.804128400614934
2026-06-07 15:00:00+00:00,65.51855235699179,30.417659641305285,11.27224242795106,6.0502123120956215
2026-06-07 16:00:00+00:00,66.53273974413241,28.89649456946162,7.384534605648817,4.635047165872268
2026-06-07 17:00:00+00:00,72.88888832762798,30.109909552389063,3.927038078725808,3.6618569536299894
2026-06-07 18:00:00+00:00,69.61141034333957,26.324138135636456,0.39034054496289056,3.6423600282196187
2026-06-07 19:00:00+00:00,70.61873613286268,24.74850787042382,0.02487033272229924,3.41229459292979
2026-06-07 20:00:00+00:00,61.19392949253866,22.54635745073566,0.0,1.4031904506870778
2026-06-07 21:00:00+00:00,64.33797655284823,22.29609075398961,0.0,2.968643037542195
2026-06-07 22:00:00+00:00,53.5646349326222,20.83984783591096,0.0,3.3494467262632304
2026-06-07 23:00:00+00:00,49.983787292868854,20.65478127865729,0.0,2.407680823413136
2026-06-08 00:00:00+00:00,50.55932883710446,17.944248227090664,0.21424146432791688,3.4188708878927327
2026-06-08 01:00:00+00:00,56.53429111730771,17.859477043717348,0.11732309385237963,2.937506150647821
2026-06-08 02:00:00+00:00,55.449668102303676,18.028109638162668,0.0,3.958131829702328
2026-06-08 03:00:00+00:00,53.54325648251869,20.16806623326268,0.0,3.7764326118776497
2026-06-08 04:00:00+00:00,53.408183591904205,21.987377951828947,0.2123422266028772,3.0611002533094758
2026-06-08 05:00:00+00:00,50.129182420982104,20.89811669658684,0.0,0.8979537823670019
2026-06-08 06:00:00+00:00,56.629180250308316,22.40288050387665,0.151020577550162,5.310026857693576
2026-06-08 07:00:00+00:00,59.541696174580075,24.85925457843872,3.894197000467445,2.601352602000399
2026-06-08 08:00:00+00:00,62.82946726919513,25.757240462490763,8.364523581297219,2.6897739883667535
2026-06-08 09:00:00+00:00,71.34630197899561,28.658620592568532,12.022153434069764,2.332522642010655
2026-06-08 10:00:00+00:00,63.43058400837149,26.07361721066462,13.679170959666132,2.1433093321989447
2026-06-08 11:00:00+00:00,69.33676567759323,28.754204257718627,11.165191769684563,5.009756545586363
2026-06-08 12:00:00+00:00,60.747317432244806,29.423776129104468,17.790379671663363,4.81542523070456
2026-06-08 13:00:00+00:00,61.77280452809817,27.799749403501107,12.90366849269471,3.5298264291594
2026-06-08 14:00:00+00:00,63.69348152517975,29.240452955657453,12.257785983871756,2.7956228455031393
2026-06-08 15:00:00+00:00,67.26453260856385,28.716347092938427,8.554449106240623,3.8569651722055314
2026-06-08 16:00:00+00:00,73.64019476463382,28.63684405071239,6.020245758443835,3.1431014212627115
2026-06-08 17:00:00+00:00,76.7670724080413,28.988262714658457,2.013881406384905,2.8284320260218965
2026-06-08 18:00:00+00:00,77.4118688049543,25.928746277464928,0.5467672941081355,3.628273040628929
2026-06-08 19:00:00+00:00,74.32504404973166,23.450154605594154,0.0,2.6025417666514934
2026-06-08 20:00:00+00:00,71.83423640963643,23.083121457669417,0.0,3.6434488543994705
2026-06-08 21:00:00+00:00,68.49392629600312,22.980662143809486,0.0,3.6509906798200134
2026-06-08 22:00:00+00:00,64.27233317406672,19.325156349102727,0.0,4.288475511150692
2026-06-08 23:00:00+00:00,58.388169155369816,18.467419029777332,0.0,2.6611209255446617
2026-06-09 00:00:00+00:00,51.649619763512945,19.648297365858845,0.0,4.609686033717505
2026-06-09 01:00:00+00:00,51.13487832856436,18.52509973458773,0.4123713732739838,2.4380363548258432
2026-06-09 02:00:00+00:00,50.49115841024538,19.78973516607651,0.0,3.0002008106972107
2026-06-09 03:00:00+00:00,55.43142257744838,19.61315994164369,0.5809331804317739,3.15950491719595
2026-06-09 04:00:00+00:00,53.54654600025329,21.442437499132506,0.410299647498828,2.500348419249839
2026-06-09 05:00:00+00:00,52.90120869413769,20.61839331566298,0.6260217818493313,5.527106581973159
2026-06-09 06:00:00+00:00,56.82879772881288,23.310487069369238,0.0,2.854917044334616
2026-06-09 07:00:00+00:00,57.93620390267075,24.642500070278324,4.238864358680388,3.3416797400057683
2026-06-09 08:00:00+00:00,62.91253726685931,25.006606386959497,2.6509972355376448,6.188168895455747
2026-06-09 09:00:00+00:00,65.83754450813817,26.05402746915257,7.255117693344892,3.7437784976058133
2026-06-09 10:00:00+00:00,70.0376398148196,30.013185632833128,10.26609123760162,4.392444417718152
2026-06-09 11:00:00+00:00,70.56637082459156,29.740104751170488,10.134305801053099,3.353196779528008
2026-06-09 12:00:00+00:00,64.59545897510567,29.551365548760867,14.76229328806872,6.050992586937277
2026-06-09 13:00:00+00:00,66.49190904734121,30.884585275691997,14.520707840342714,6.185430741867488
2026-06-09 14:00:00+00:00,69.60088552284014,32.16663065755032,14.254776905341242,6.149663369507299
2026-06-09 15:00:00+00:00,71.47001949439529,27.49417182113489,11.839546645543113,5.982504378660357
2026-06-09 16:00:00+00:00,68.70242979618617,27.499028155851036,7.963997941263426,5.447180578515773
2026-06-09 17:00:00+00:00,70.37075730623057,26.96233526313068,2.5686619016260277,4.723278386085892
2026-06-09 18:00:00+00:00,78.37124007577339,28.393567685410193,0.6861937170717899,4.4284448698931165
2026-06-09 19:00:00+00:00,78.87821137477879,25.443776291989042,0.4519000647007172,7.485705125091224
2026-06-09 20:00:00+00:00,76.95039549954319,24.48996349700806,0.0,6.859135469416888
2026-06-09 21:00:00+00:00,67.92737562285757,20.771319844536773,0.0,4.924194696686168
2026-06-09 22:00:00+00:00,67.19299552735475,19.570834454011777,0.5097535301006619,6.054543574939394
2026-06-09 23:00:00+00:00,61.42968199237422,20.515535522855938,0.20960030414530273,5.679838869820984
2026-06-10 00:00:00+00:00,51.20309356254449,19.466065744428576,0.0741115480917392,4.618710889045
2026-06-10 01:00:00+00:00,50.821243801606734,19.867543509172258,0.5475770406562985,6.541839482313268
2026-06-10 02:00:00+00:00,52.00968534433294,19.20564628068726,0.0,5.802815130374772
2026-06-10 03:00:00+00:00,53.80761189697935,20.38135873584921,0.01558922433231435,5.138536001175521
2026-06-10 04:00:00+00:00,53.422160077591585,21.20815459920695,0.0,4.484849342811931
2026-06-10 05:00:00+00:00,52.453402291980794,23.211667068822038,0.0,4.445593715762333
2026-06-10 06:00:00+00:00,57.28009365812771,24.71111448997746,0.0,6.189724536432836
2026-06-10 07:00:00+00:00,63.23604949446853,23.369022536810338,2.946732102089173,6.660704429029998
2026-06-10 08:00:00+00:00,61.805658300150114,24.186287215927457,8.347051102348031,5.619654115252687
2026-06-10 09:00:00+00:00,74.96355647319297,29.54939083251567,8.119562607912027,7.81629108704588
2026-06-10 10:00:00+00:00,76.10613649867756,31.032381850017902,8.613363138166216,6.86844919471826
2026-06-10 11:00:00+00:00,68.0799545348663,29.353022790043717,16.26942294388112,7.817439441651831
2026-06-10 12:00:00+00:00,65.17233410736247,28.96248833871405,12.190689031532209,6.797801832031052
2026-06-10 13:00:00+00:00,70.99351974990694,31.534665166844157,12.13426790402327,5.990359646559389
2026-06-10 14:00:00+00:00,73.02410237470572,32.34544005723125,12.45359641321555,7.2848014174300095
2026-06-10 15:00:00+00:00,76.27009524722301,32.803167958315534,11.485928821398067,5.384180404788718
2026-06-10 16:00:00+00:00,74.1794453174596,30.329088501352835,7.497915318668153,7.92812827820061
2026-06-10 17:00:00+00:00,77.87895952920434,28.0377837552965,2.2897761268751533,5.8759392806918145
2026-06-10 18:00:00+00:00,76.60976556752289,25.981917532822173,0.609981647388529,8.48251051360689
2026-06-10 19:00:00+00:00,76.84689476156373,25.531379640209824,0.0,6.726161955261319
2026-06-10 20:00:00+00:00,78.77754801435938,23.62244483687908,0.0,8.684531899293946
2026-06-10 21:00:00+00:00,65.81380934258645,21.33319322475942,0.9568930200342118,5.616275705786561
2026-06-10 22:00:00+00:00,66.56623072403335,23.783896783324504,0.0,6.224036768288954
2026-06-10 23:00:00+00:00,57.66610789829723,22.530793069225396,0.6194249423367294,7.685233647202374
2026-06-11 00:00:00+00:00,51.58680419945799,21.16911506154065,0.019522542782280047,8.763732748633407
2026-06-11 01:00:00+00:00,56.87559535447789,18.51301351137894,0.2077094151467448,9.425576807490229
2026-06-11 02:00:00+00:00,49.38354482959275,20.86507754423251,0.03497929470568725,7.111789567447064
2026-06-11 03:00:00+00:00,49.855660030535006,21.222535577605164,0.42392581315006206,9.582643889915184
2026-06-11 04:00:00+00:00,52.343995040297266,21.95602778039312,0.0,6.554683983458804
2026-06-11 05:00:00+00:00,52.125945515846944,24.18363860710387,0.0,8.443530559633924
2026-06-11 06:00:00+00:00,60.05903209498969,24.90994586333734,0.0,5.526021853736911
2026-06-11 07:00:00+00:00,62.91371195878186,26.604752982655803,2.616210145503216,7.368118097233445
2026-06-11 08:00:00+00:00,71.04137370153457,28.050204264110373,5.865572268114834,3.431350858006307
2026-06-11 09:00:00+00:00,69.45396657040907,29.15816287643435,8.733617899601661,5.064691199735898
2026-06-11 10:00:00+00:00,63.37723263144804,27.867674196192443,15.332638824802679,7.208982435923479
2026-06-11 11:00:00+00:00,70.80346260671081,31.07795997257785,15.579609737167486,4.634672940908759
2026-06-11 12:00:00+00:00,64.96573164825506,30.92562274496595,14.569921527224894,6.9822343154145035
2026-06-11 13:00:00+00:00,70.35277732063943,30.277664136983574,8.617200457943616,7.562168924180753
2026-06-11 14:00:00+00:00,70.84365281264273,33.64312138620787,12.299747124659541,5.496357607227486
2026-06-11 15:00:00+00:00,74.64464051869969,33.116183355250875,8.37074171757394,4.743465862056125
2026-06-11 16:00:00+00:00,79.42366675436578,31.73472760109061,8.668775885870863,5.33491783723037
2026-06-11 17:00:00+00:00,77.83867111267215,29.182998393805203,3.9517100392595608,4.542683367908916
2026-06-11 18:00:00+00:00,79.92167520935178,29.06606004197793,0.0,5.646710507777376
2026-06-11 19:00:00+00:00,82.8215487674904,25.922444816201285,0.25462399220654264,5.822764262468199
2026-06-11 20:00:00+00:00,72.19200941253982,24.613939688132273,0.0,5.140987726890027
2026-06-11 21:00:00+00:00,68.66856364440112,21.626777481017402,0.5378528124131973,7.801508656060619
2026-06-11 22:00:00+00:00,63.940177791986734,22.18806639879854,1.1559155628214148,4.336990475526755
2026-06-11 23:00:00+00:00,61.27874176576723,20.84592993189534,0.0,7.177969070146287
2026-06-12 00:00:00+00:00,52.72736988013853,18.626109622271166,0.0,3.6574041728975137
2026-06-12 01:00:00+00:00,49.78902328096344,19.938563465820085,0.0,5.1018885979181805
2026-06-12 02:00:00+00:00,50.691321576413095,20.123846291558827,0.8030995800082453,6.541208468232831
2026-06-12 03:00:00+00:00,51.18974170487327,22.990997127087045,0.5211776585148422,6.353937393965802
2026-06-12 04:00:00+00:00,54.229212227133836,22.875412436528702,0.0,4.067483120131173
2026-06-12 05:00:00+00:00,51.298854119649846,23.073573055376166,0.01827983220043714,5.319691888300821
2026-06-12 06:00:00+00:00,62.41498089965531,24.820229717839823,0.0,5.0202488179043785
2026-06-12 07:00:00+00:00,61.35118445056147,26.14233292375509,5.103756390716965,3.564247762345272
2026-06-12 08:00:00+00:00,67.88127531741269,27.413291459484583,7.514446315210029,5.07392042300765
2026-06-12 09:00:00+00:00,66.52604290860498,27.81947317007555,11.461092308556566,6.712668426106566
2026-06-12 10:00:00+00:00,69.279041895782,30.194190907840635,15.744272638321592,4.661601831660684
2026-06-12 11:00:00+00:00,69.15795653420645,30.447987387425705,9.806983496849695,4.692898930698943
2026-06-12 12:00:00+00:00,65.19866798450329,30.456582222448514,16.368269534866975,4.742811092447921
2026-06-12 13:00:00+00:00,70.87101382393699,32.78903668204199,12.64500392436777,1.6615051946593655
2026-06-12 14:00:00+00:00,71.00216200622204,32.45471812315697,5.496706736501463,4.2598096821791644
2026-06-12 15:00:00+00:00,71.39716146614502,29.255733455369036,5.8753340541258545,2.1044492612365637
2026-06-12 16:00:00+00:00,74.70584774662402,30.312941980142575,5.663392585462769,2.618523364412677
2026-06-12 17:00:00+00:00,79.40541830276226,30.426164613731224,4.480946336635906,6.391799877613648
2026-06-12 18:00:00+00:00,82.62038104929894,29.06901203056595,0.0,2.93571263127233
2026-06-12 19:00:00+00:00,83.98921345347087,27.48964499356196,0.0,2.1839188663631974
2026-06-12 20:00:00+00:00,75.143265049985,24.76593801822215,0.32699311611755755,4.768540360982024
2026-06-12 21:00:00+00:00,69.44509667503067,22.271520825810097,0.08562041230028568,1.7679963076949063
2026-06-12 22:00:00+00:00,61.6096549740453,20.755816816711413,0.0,2.413398844920042
2026-06-12 23:00:00+00:00,57.39723070308295,21.529491520974812,0.0,4.738873028366917
2026-06-13 00:00:00+00:00,41.949805120155844,20.98482117993526,0.0,3.005997653137298
2026-06-13 01:00:00+00:00,47.833494159806385,21.88305854664379,0.0,0.7214398009735246
2026-06-13 02:00:00+00:00,45.81895483265206,21.87560103790741,0.7408677972710637,3.636548642215719
2026-06-13 03:00:00+00:00,43.16890555227914,21.009169909580958,0.23991951845110837,2.293023043520514
2026-06-13 04:00:00+00:00,44.14306640313443,20.641021409635183,0.6865874589443239,4.982877731833041
2026-06-13 05:00:00+00:00,45.30161018364793,23.006388824504917,0.13171263082607979,1.9633901035020123
2026-06-13 06:00:00+00:00,49.65726343580338,25.109581691757203,0.04069391821253886,4.274731386756233
2026-06-13 07:00:00+00:00,57.148778000523784,26.17171366790581,4.0276191728734485,5.285977245311999
2026-06-13 08:00:00+00:00,60.393693732415386,27.2859422392303,6.939614118832612,1.6116945102037372
2026-06-13 09:00:00+00:00,71.12311410659727,29.742141378641183,9.86387125253854,2.541553601128328
2026-06-13 10:00:00+00:00,68.84128035459808,30.088640139451122,9.836698792349635,3.3711610344929266
2026-06-13 11:00:00+00:00,67.42617159132736,30.905180525474524,13.664645077102032,1.6477912248097821
2026-06-13 12:00:00+00:00,66.56722793874273,32.643853032518784,14.908674470643334,3.2533761075550114
2026-06-13 13:00:00+00:00,62.447345033080445,32.00389855479974,11.313923196802447,2.592787261642272
2026-06-13 14:00:00+00:00,66.68933658590733,32.586391666086435,12.038806809141585,2.6030284614754438
2026-06-13 15:00:00+00:00,67.15301292137917,32.03341641057472,8.239367619834931,3.058713742977633
2026-06-13 16:00:00+00:00,70.49694107208049,29.396137817009457,9.234434801270941,3.1395562485955795
2026-06-13 17:00:00+00:00,72.74592090296434,28.95459953759946,3.467534064286258,3.3241771883806908
2026-06-13 18:00:00+00:00,78.61660438988366,29.821495765290322,0.0,2.316567866880577
2026-06-13 19:00:00+00:00,70.40411053927184,25.159796507632798,0.0,2.442922198285461
2026-06-13 20:00:00+00:00,70.06054008312343,22.472316704325063,0.5394943200711892,3.1242562604398922
2026-06-13 21:00:00+00:00,59.402820630274256,21.34180732332243,0.0,3.30242068621962
2026-06-13 22:00:00+00:00,61.76311830796665,22.37899792935519,0.05634560020777011,2.8299760054643333
2026-06-13 23:00:00+00:00,52.419573018182206,21.43821933102719,0.7926306070926435,3.9814281649309278
2026-06-14 00:00:00+00:00,41.82327275837596,20.671025736989883,0.0,1.0748286915450844
2026-06-14 01:00:00+00:00,43.14634425035317,22.075061783464093,0.0010745402138429305,2.68421968248403
2026-06-14 02:00:00+00:00,41.171428465353955,17.6252747592547,0.0,3.4098951662829347
2026-06-14 03:00:00+00:00,46.36657696720132,21.91727231518834,0.813615570831786,2.701438738157158
2026-06-14 04:00:00+00:00,43.67876270481879,24.279337532289034,0.0,6.282098121305436
2026-06-14 05:00:00+00:00,47.33437362534594,22.304738227240026,0.023313421397009076,4.131585970648164
2026-06-14 06:00:00+00:00,53.071142242916004,24.65908955937134,0.6771502327528112,4.459068060516611
2026-06-14 07:00:00+00:00,54.07799802707482,25.773870835216503,3.5575180977419545,3.6436396212234636
2026-06-14 08:00:00+00:00,60.26161697892506,27.166481906947862,5.340517462351406,4.408507612252302
2026-06-14 09:00:00+00:00,63.32380330839721,29.3045817862852,6.83187774084159,2.8412394301771107
2026-06-14 10:00:00+00:00,69.21701404816697,32.66090335624887,15.835922920381543,4.418100326378384
2026-06-14 11:00:00+00:00,76.09677463393257,34.115351034695884,15.814080932295157,3.458225580777084
2026-06-14 12:00:00+00:00,66.18768483991074,32.11568620856929,11.898827167787537,4.4964958776068915
2026-06-14 13:00:00+00:00,67.82906889240597,35.018123064446236,17.36004447388369,1.4161168071765005
2026-06-14 14:00:00+00:00,63.703238393009734,32.57895812199576,13.348501182010251,3.5359346119135218
2026-06-14 15:00:00+00:00,70.56839587110468,34.04982106902672,13.53606293813972,7.279459585508901
2026-06-14 16:00:00+00:00,70.7454657640008,30.888316532859022,4.60090462984292,6.5067126718390655
2026-06-14 17:00:00+00:00,72.64488101274875,29.923164576973225,2.95870785537889,7.304060790080394
2026-06-14 18:00:00+00:00,76.67790940456806,28.76550530414297,0.0,7.512211676764838
2026-06-14 19:00:00+00:00,78.5663203091104,30.59663746361778,0.0,6.622019781455138
2026-06-14 20:00:00+00:00,68.57519335485999,26.258497142402668,0.0,5.154393329468872
2026-06-14 21:00:00+00:00,63.18881239369495,22.948870656656574,0.5081616012703496,4.442669289994891
2026-06-14 22:00:00+00:00,54.57521504086948,23.72532732591147,1.1158930727461958,7.60422154705658
2026-06-14 23:00:00+00:00,54.333529814030754,21.182264106865457,0.36319825659947924,6.190395164142336
2026-06-15 00:00:00+00:00,51.19618242762333,20.436667364537225,0.0,9.689837819967732
2026-06-15 01:00:00+00:00,47.53217713953696,21.917412547155735,0.0,5.7819903886283885
2026-06-15 02:00:00+00:00,51.58516940832237,21.07586789636122,0.0,9.146559057002307
2026-06-15 03:00:00+00:00,47.8981902175176,21.979148381612415,1.0298829496698703,6.2525788270154345
2026-06-15 04:00:00+00:00,53.75820816556814,22.62190064414164,0.0,8.426102954772588
2026-06-15 05:00:00+00:00,53.3561618024081,24.258267461060093,1.0578149150312521,9.010287048175698
2026-06-15 06:00:00+00:00,63.89681925227981,25.817879942272302,0.6967597548050305,5.277591215752343
2026-06-15 07:00:00+00:00,62.34039127709687,24.542800533747904,3.0809381586444937,6.100840078017664
2026-06-15 08:00:00+00:00,69.91188936149354,29.226145851443363,3.374564016052544,5.398904333501987
2026-06-15 09:00:00+00:00,67.35925951459932,28.700961937775457,6.785852208483643,5.183333604764257
2026-06-15 10:00:00+00:00,68.65634900445649,29.39716470663235,15.548534086067024,7.8941079439493365
2026-06-15 11:00:00+00:00,70.47299791854793,32.01709608127484,14.789316099513233,6.73452028846509
2026-06-15 12:00:00+00:00,76.42642672265168,32.79297947212415,13.068604731138384,7.127189790760038
2026-06-15 13:00:00+00:00,69.85262060675213,32.069905635103574,12.48967065559077,7.8710591248119295
2026-06-15 14:00:00+00:00,76.45272864810588,33.700227088432435,12.310622712467081,4.524695250635066
2026-06-15 15:00:00+00:00,70.08846787464631,30.498151734987616,11.921617315258663,8.953397127154249
2026-06-15 16:00:00+00:00,76.57792421770776,30.671947658328598,4.818827298094162,6.684182520633418
2026-06-15 17:00:00+00:00,79.03523396988423,29.220674429957036,2.9837118462465337,7.9333099985432005
2026-06-15 18:00:00+00:00,84.21939426977013,28.424270452625166,0.0,8.065982951380029
2026-06-15 19:00:00+00:00,81.47983052099812,27.26648879415482,0.053243097301340886,9.119115185069377
2026-06-15 20:00:00+00:00,70.99064722657377,24.173909470592836,0.25569949808718595,7.050184633563816
2026-06-15 21:00:00+00:00,74.64358494364538,24.809730665499465,0.1638002921355643,4.214855727150098
2026-06-15 22:00:00+00:00,63.67968175579647,22.77770199567771,0.2851004519560457,7.252893008144291
2026-06-15 23:00:00+00:00,58.56638702762333,19.482252202889548,0.706303950318116,7.432914323040617
2026-06-16 00:00:00+00:00,45.23938241757065,18.80672732802902,0.46848327095717085,5.677071615039786
2026-06-16 01:00:00+00:00,52.82149433698085,20.941512049952436,0.03564730674871848,7.298811252055456
2026-06-16 02:00:00+00:00,51.77434777353046,20.899133670163625,0.0,6.548451129677039
2026-06-16 03:00:00+00:00,52.100538915013935,21.642997807899135,0.0,5.129944477818205
2026-06-16 04:00:00+00:00,51.388662247765495,22.690290180172365,0.0,7.900293206227412
2026-06-16 05:00:00+00:00,53.001129052793814,24.24028731343663,0.12617291567072367,6.116040677068855
2026-06-16 06:00:00+00:00,60.53480258616509,26.556836464277296,0.0,6.276144348848041
2026-06-16 07:00:00+00:00,63.31745380170108,25.64205080008921,2.419786564568132,6.132227001422962
2026-06-16 08:00:00+00:00,68.79940015524822,27.124580085858007,5.628460371639904,8.439391151655146
2026-06-16 09:00:00+00:00,70.6204762242319,28.668547508018282,9.56234357568251,6.577635989567523
2026-06-16 10:00:00+00:00,77.6734958513669,31.572230410469356,10.99347006010854,6.6663746673745585
2026-06-16 11:00:00+00:00,76.45241467022564,33.675181580365006,14.345570878070507,5.8551967178485365
2026-06-16 12:00:00+00:00,69.86257594605581,32.265091343200176,15.233750942748163,7.032518411466501
2026-06-16 13:00:00+00:00,65.46284978437325,29.98700397774496,16.146809139086166,8.182172822874385
2026-06-16 14:00:00+00:00,64.81499589618154,30.741555919336317,14.92049861342418,7.1052110215141715
2026-06-16 15:00:00+00:00,72.67438715201132,31.18889775153491,12.399193503136717,7.0616137458687875
2026-06-16 16:00:00+00:00,73.16742556196799,30.56720068959128,5.876644247883149,6.847501387665089
2026-06-16 17:00:00+00:00,77.80126658453449,29.505061747813976,2.601425653868154,3.962480914131148
2026-06-16 18:00:00+00:00,77.9666393850525,28.595481215035964,0.0,4.561843124620868
2026-06-16 19:00:00+00:00,79.3816640094519,26.62316347252221,0.2687148850695387,5.392855036586107
2026-06-16 20:00:00+00:00,82.16472159768011,26.704389705200676,0.0,4.553192239735045
2026-06-16 21:00:00+00:00,69.24633205442234,23.18756088722055,0.0,3.9670538851406727
2026-06-16 22:00:00+00:00,66.04577956441653,21.721892411461177,0.5982492390931452,2.723109785869703
2026-06-16 23:00:00+00:00,65.11822709699148,22.378193613830707,0.44209386935639355,3.3448217208010536
2026-06-17 00:00:00+00:00,52.45708990027087,19.36159840448259,0.30077500117195977,4.756003323454833
2026-06-17 01:00:00+00:00,49.8571378908697,21.467630046384002,0.46282231069704644,4.902803086453574
2026-06-17 02:00:00+00:00,50.393378281855014,21.327432708865455,0.0,3.774585609682729
2026-06-17 03:00:00+00:00,51.78025827330903,21.62661197970435,0.6769177733965537,4.880532678567674
2026-06-17 04:00:00+00:00,52.480578587091635,24.662605291410944,0.1960310582918711,4.048477079639775
2026-06-17 05:00:00+00:00,52.4937145448469,23.25213271968453,0.5053906920028675,6.069397302524326
2026-06-17 06:00:00+00:00,66.36774637665948,27.917539977177483,0.1935808895581813,4.204322031139675
2026-06-17 07:00:00+00:00,66.53075597542497,26.72674133043543,3.8733692345360407,5.295025846337524
2026-06-17 08:00:00+00:00,63.517390441313026,27.016764133494586,7.587456804436094,4.49608977821293
2026-06-17 09:00:00+00:00,71.9017223220666,30.07903159771344,12.91149424980096,2.1422799302915694
2026-06-17 10:00:00+00:00,71.77909629838742,29.944981114203017,9.631219164370629,3.874299454540956
2026-06-17 11:00:00+00:00,73.04054714178376,31.286434801513924,16.68400691748393,2.170126260939848
2026-06-17 12:00:00+00:00,75.98909589935074,33.262787314487355,13.919883613993662,3.650424949463255
2026-06-17 13:00:00+00:00,80.14874327771874,33.655742297116696,8.37390368223952,2.663689300833598
2026-06-17 14:00:00+00:00,69.5304276893302,32.036097428782476,15.343929199001572,4.150243386569091
2026-06-17 15:00:00+00:00,76.03248587093118,33.36613090004495,12.41488182957166,1.6486165935578323
2026-06-17 16:00:00+00:00,82.28599272743786,32.614539719492264,5.5120323643488245,3.464947636780809
2026-06-17 17:00:00+00:00,82.83809344517793,31.70409824535909,3.1850372198560923,4.166463199538205
2026-06-17 18:00:00+00:00,83.20901445112143,29.166242085889827,0.16792283644291298,4.560912681827248
2026-06-17 19:00:00+00:00,83.13826365447962,28.611491135693115,0.0,2.150327751337204
2026-06-17 20:00:00+00:00,67.55698270425955,23.16269881889047,0.0,3.1797761116101206
2026-06-17 21:00:00+00:00,69.74777614780297,23.58812764767026,0.4244332680175353,3.352549873750437
2026-06-17 22:00:00+00:00,64.13777027005223,21.683462820420516,0.0,5.205762438145465
2026-06-17 23:00:00+00:00,62.942725434232884,21.910172977541567,0.39430555963261044,0.9163379081360921
2026-06-18 00:00:00+00:00,51.80721869878501,20.478555388471165,0.41111465778017825,1.6705794986066864
2026-06-18 01:00:00+00:00,48.614032298670686,20.75690579112793,0.5274780473596469,6.833923153981173
2026-06-18 02:00:00+00:00,51.296119687780845,23.41564691275032,0.07027049745902014,2.4926269846256877
2026-06-18 03:00:00+00:00,47.382947741325026,21.548923951159384,1.6206295384883929,0.200683944521042
2026-06-18 04:00:00+00:00,49.98705147457923,23.198649934304328,0.527266848271041,2.011515450003266
2026-06-18 05:00:00+00:00,55.66690219693889,23.661868256642908,0.16243881220341327,0.0
2026-06-18 06:00:00+00:00,58.889398766347526,25.47423695568929,0.0,3.1403040209785513
2026-06-18 07:00:00+00:00,66.70366521392268,26.93907166910142,4.610213248908303,3.9336986643895058
2026-06-18 08:00:00+00:00,67.22144775633922,29.018164056200163,6.655763501464187,1.5266876969036824
2026-06-18 09:00:00+00:00,75.647791884761,31.32089243453325,12.930101491544017,2.15303833903769
2026-06-18 10:00:00+00:00,77.92644402544481,33.137152953979665,10.697918865253614,4.120201468207173
2026-06-18 11:00:00+00:00,76.15780327582078,32.4803060329237,17.77926102656804,0.3977736276011248
2026-06-18 12:00:00+00:00,76.21237995883786,33.41044512247359,9.738751774492295,1.0247634850846847
2026-06-18 13:00:00+00:00,69.68792361472131,31.521075621567626,17.630245782116067,2.588314409748765
2026-06-18 14:00:00+00:00,76.24449054124814,32.586750177248064,9.69624646792057,1.8928542892526035
2026-06-18 15:00:00+00:00,75.83922105172394,33.21553693176557,11.984186464667477,2.5787863367232537
2026-06-18 16:00:00+00:00,82.74357457693098,32.167086035404225,8.097518923029641,1.2705351996164593
2026-06-18 17:00:00+00:00,78.98738057559973,30.13331692092588,3.043414370316875,3.3947829919643446
2026-06-18 18:00:00+00:00,81.8666934380645,29.489931400593466,0.45168854924040386,2.945998431268082
2026-06-18 19:00:00+00:00,83.20473110141563,27.456080903786987,0.24856812019304697,3.9890293043013525
2026-06-18 20:00:00+00:00,75.43164075384419,26.74828837526011,0.26579299287137415,3.5708381854670734
2026-06-18 21:00:00+00:00,71.19219099826314,24.201598697482105,0.0,3.654447485444166
2026-06-18 22:00:00+00:00,65.06475161895312,22.178280399218046,0.0,1.4195347850474378
2026-06-18 23:00:00+00:00,62.31097189302812,22.047866792517876,0.0,4.217540838313323
2026-06-19 00:00:00+00:00,51.61982750342011,17.52185194001251,0.0,3.1522821771641407
2026-06-19 01:00:00+00:00,51.79489570462962,21.28655379894726,0.37032135492153706,3.473634814247097
2026-06-19 02:00:00+00:00,52.77482990109014,16.646272193760936,0.0,5.269364249914064
2026-06-19 03:00:00+00:00,50.52332093572071,19.548307062480166,0.43624925107152673,2.8927902208763507
2026-06-19 04:00:00+00:00,50.78206450538656,23.10465220270962,0.5541737889400193,5.892878960415603
2026-06-19 05:00:00+00:00,55.59282383114297,24.370623297318488,0.0,6.1274448043555605
2026-06-19 06:00:00+00:00,56.197497868083076,23.842039916421005,0.29515554727764953,5.265488723310466
2026-06-19 07:00:00+00:00,62.02569713548186,25.92749059812201,3.5441555071523645,2.9472934773007173
2026-06-19 08:00:00+00:00,73.16809223418083,29.97158512330853,7.3101390579781995,1.369787556896743
2026-06-19 09:00:00+00:00,75.90985507421284,29.18505902783064,8.46189039604051,6.052963160164856
2026-06-19 10:00:00+00:00,78.90863354522192,33.691779287326796,11.49360555957077,4.8117832627749975
2026-06-19 11:00:00+00:00,72.93878133246602,31.94308801317381,10.762354856349624,3.7267609216611097
2026-06-19 12:00:00+00:00,69.54286820738224,33.02590976187173,10.981745500229778,6.527848177523378
2026-06-19 13:00:00+00:00,75.06958723920282,34.672300085767205,13.842544988871419,3.7938175667710627
2026-06-19 14:00:00+00:00,73.69539616257995,32.676045818049566,12.870968162244756,4.521321742211137
2026-06-19 15:00:00+00:00,73.37814996566135,30.707674247281897,11.005805290350118,5.964809129232626
2026-06-19 16:00:00+00:00,77.0945970763229,30.81624807379432,8.358831870679426,3.785111858827677
2026-06-19 17:00:00+00:00,82.10505555344061,29.653363308884746,3.9865101172027186,5.3041324463491595
2026-06-19 18:00:00+00:00,79.7927902350988,26.60200717959902,0.18967217459030875,7.094193956704251
2026-06-19 19:00:00+00:00,81.71153585411531,26.37034265028186,0.0,5.975392428694466
2026-06-19 20:00:00+00:00,75.59013847602854,24.224226860722286,0.0,7.534806360552799
2026-06-19 21:00:00+00:00,74.12782429957957,24.767304453735004,0.46362525367294305,7.4818639159751585
2026-06-19 22:00:00+00:00,63.94195959275939,22.447145939147052,0.8853988608637814,6.0096127676172575
2026-06-19 23:00:00+00:00,57.101258794458985,21.10279676689427,0.24015390861209357,2.828562073099645
2026-06-20 00:00:00+00:00,46.09095806350339,20.705257762231135,0.0,4.650124663731633
2026-06-20 01:00:00+00:00,46.11390557630309,20.885780410837295,0.16946926123103412,7.361795312381716
2026-06-20 02:00:00+00:00,47.974381208343786,21.55233580312776,1.2137360221688047,4.2141528719102315
2026-06-20 03:00:00+00:00,47.61954134252643,20.201463922984694,0.05121140535945585,6.014717709967762
2026-06-20 04:00:00+00:00,49.49301308404211,21.09416083431766,0.7309204296967997,7.029507777775043
2026-06-20 05:00:00+00:00,49.76959453410093,24.901636565696478,0.0,8.692317590116375
2026-06-20 06:00:00+00:00,50.802301556484785,24.517497796444022,0.0,5.904693540169151
2026-06-20 07:00:00+00:00,50.34045123472116,24.85408141179769,4.394279895242476,5.878954594908499
2026-06-20 08:00:00+00:00,63.570253153263444,28.62873868865029,9.19866415413143,6.771651176386228
2026-06-20 09:00:00+00:00,65.76813537239013,30.08813265347718,9.111018062056974,7.396534046059905
2026-06-20 10:00:00+00:00,62.99941053520622,28.926594309611296,15.183698539554594,6.744268794859875
2026-06-20 11:00:00+00:00,66.32807977369204,31.980949641708506,13.343664817780938,8.478775695253848
2026-06-20 12:00:00+00:00,66.87843975641577,33.17616611022646,15.462601866014566,5.935075572053988
2026-06-20 13:00:00+00:00,64.33636103372733,32.9355533930023,13.072784749104231,7.260549642579993
2026-06-20 14:00:00+00:00,67.53177115368626,33.02848741186833,14.105678505669148,7.748334612181776
2026-06-20 15:00:00+00:00,56.86689092736056,29.973736908236074,11.909504427600217,6.591598787746173
2026-06-20 16:00:00+00:00,70.76042727755711,31.090637615139293,6.679855821138205,8.348508260493256
2026-06-20 17:00:00+00:00,74.08206468363257,29.075535889312768,5.334238281234613,7.396490127549491
2026-06-20 18:00:00+00:00,76.76770042188181,27.400066978453914,0.3565346409257952,8.301368974873245
2026-06-20 19:00:00+00:00,75.93072731422336,27.458880293676767,0.0,7.471745751268365
2026-06-20 20:00:00+00:00,74.91589730252308,26.624033670793654,0.0,7.723951376542183
2026-06-20 21:00:00+00:00,65.72956412821908,25.542560806438424,0.24596510067815455,6.302599710221107
2026-06-20 22:00:00+00:00,57.458536325646214,23.71183791007531,0.0,6.28983396204159
2026-06-20 23:00:00+00:00,53.74572718867234,21.036163279462144,0.0,8.86607979351466
2026-06-21 00:00:00+00:00,44.258051260096586,20.978889653128522,0.5362666823550973,8.014751440164416
2026-06-21 01:00:00+00:00,42.77382303086722,21.258448658858807,0.37951857249251786,5.660173103137975
2026-06-21 02:00:00+00:00,43.23821206857579,20.675098677856422,0.6649366242092158,7.307085732810613
2026-06-21 03:00:00+00:00,42.54944055279853,21.272882660768236,0.0,3.6865135318641182
2026-06-21 04:00:00+00:00,46.55398792693831,23.044759167792503,0.1266989586106004,6.156698124035231
2026-06-21 05:00:00+00:00,46.60051250283672,23.214436044141962,0.3473442611986034,8.250694635593637
2026-06-21 06:00:00+00:00,48.410078973654734,23.84409784629201,0.0,6.669871425284306
2026-06-21 07:00:00+00:00,53.98189707528517,25.76127310309664,3.7716093479568373,6.9449151251573245
2026-06-21 08:00:00+00:00,64.47665086957274,28.558635997170857,7.69587299271351,2.4867873700770557
2026-06-21 09:00:00+00:00,67.2160155539059,29.234914900091265,8.4612365831873,6.085763550659649
2026-06-21 10:00:00+00:00,64.13379893109291,30.868415517378732,13.928173088536003,7.029216031968507
2026-06-21 11:00:00+00:00,64.20177057652592,32.20387755965336,11.831177887363015,7.123493159547168
2026-06-21 12:00:00+00:00,65.2059889150018,31.53539077575996,11.625212958497963,7.731802856177756
2026-06-21 13:00:00+00:00,62.30276238307298,33.08306830094072,10.952815516007245,5.998766702560645
2026-06-21 14:00:00+00:00,66.48825642871074,32.41157199330637,9.103868797197965,5.9662877393592675
2026-06-21 15:00:00+00:00,66.26210160996392,29.861529591114948,12.559723671222102,4.235035598826181
2026-06-21 16:00:00+00:00,75.84887202412663,32.10621891039244,8.335040772955415,5.712448944584542
2026-06-21 17:00:00+00:00,72.33656679994645,28.517492114433196,4.604696543418565,4.128615527409844
2026-06-21 18:00:00+00:00,71.07448147569518,25.67067382941702,0.8437850604032117,3.2013913212720784
2026-06-21 19:00:00+00:00,74.19297018215862,24.835225618526493,0.5512332571840288,4.160586269470075
2026-06-21 20:00:00+00:00,60.828808101399154,23.29643075326454,0.0,7.681560770151121
2026-06-21 21:00:00+00:00,61.32182203194167,23.122446510855447,0.39786054044027463,5.078620037680483
2026-06-21 22:00:00+00:00,59.289635109326795,21.473735835657134,0.4461866872557261,5.6519841313212345
2026-06-21 23:00:00+00:00,52.15903525455557,20.429725365944766,0.15748364357589445,4.5110678675115725
2026-06-22 00:00:00+00:00,54.419801471964085,20.963164126765975,0.5657121852513647,2.608367676501833
2026-06-22 01:00:00+00:00,51.40778638604365,20.407850433431246,0.09403701714951859,6.3105583749015866
2026-06-22 02:00:00+00:00,52.20028777445692,20.568549607245668,0.10023386053812537,1.8437835004676955
2026-06-22 03:00:00+00:00,51.35643590768898,21.26526096658047,0.06062027233852165,3.9933276333028362
2026-06-22 04:00:00+00:00,51.391025203832044,22.45103843500262,0.0,4.579383343721417
2026-06-22 05:00:00+00:00,52.705163751793854,20.409399115438852,0.0,4.865279781002736
2026-06-22 06:00:00+00:00,57.05978074523148,23.933257053137588,0.0,3.4135406544340454
2026-06-22 07:00:00+00:00,57.69751695021394,23.29172892209173,2.217871271481367,1.7470165360981595
2026-06-22 08:00:00+00:00,70.4776984918068,27.488581808992098,6.565367331145601,3.0900599017307337
2026-06-22 09:00:00+00:00,73.28896065414204,28.871182726908945,9.361287794469494,3.0569182025657042
2026-06-22 10:00:00+00:00,78.35730630052356,31.358301610483487,8.322272317385567,2.918890007355876
2026-06-22 11:00:00+00:00,72.76605954091833,32.466550217453374,8.828744177306762,5.258082026290664
2026-06-22 12:00:00+00:00,67.50128168467131,31.868271500949728,11.525338431953896,2.1027502335721326
2026-06-22 13:00:00+00:00,68.12103269214255,31.213039993275324,14.327256625762296,4.128243429169985
2026-06-22 14:00:00+00:00,78.4796117466609,32.17524643063979,8.432857752438379,3.8371109917954427
2026-06-22 15:00:00+00:00,73.92666754773293,30.344113514896,9.660056172837407,4.872549774470852
2026-06-22 16:00:00+00:00,73.91327332913554,30.006336370117445,9.168888811575325,3.2579804609578935
2026-06-22 17:00:00+00:00,81.99531204022311,29.93257676718475,1.5741805697267228,4.472664738026326
2026-06-22 18:00:00+00:00,80.1716852585387,26.61659110887641,0.0,3.0491706914629177
2026-06-22 19:00:00+00:00,77.05077287330757,26.6835502661816,0.0,3.8283121495938452
2026-06-22 20:00:00+00:00,78.42888002365291,24.960382134334576,0.0,1.0508072283739303
2026-06-22 21:00:00+00:00,69.45293194060669,21.53829010609435,0.0,0.0
2026-06-22 22:00:00+00:00,64.45807320362182,22.59364598520914,0.0688123026036478,3.5683512417777843
2026-06-22 23:00:00+00:00,59.8819904483976,21.293263500653488,0.961813610211359,3.593856369641205
2026-06-23 00:00:00+00:00,54.231829000721866,19.961365419922963,0.0,3.6118263281187906
2026-06-23 01:00:00+00:00,50.154660301464006,18.703245839116715,0.14585550454705332,2.172770143494115
2026-06-23 02:00:00+00:00,47.74428892164518,18.774809418983452,0.9973732092045564,4.960574335258574
2026-06-23 03:00:00+00:00,52.825259966187,19.743395894455215,0.0,2.204246336353799
2026-06-23 04:00:00+00:00,47.97422610746444,21.97650335823891,0.9073376744644845,3.416316278232013
2026-06-23 05:00:00+00:00,53.34355766968864,21.404524510752328,0.0026615033135536175,3.6445425451955114
2026-06-23 06:00:00+00:00,59.78346518190222,24.506577179885234,0.8909481129324631,5.209251247188691
2026-06-23 07:00:00+00:00,60.3532894726436,24.027531455550974,4.043474279848743,2.356158532294233
2026-06-23 08:00:00+00:00,69.3188369644316,26.80879197739739,7.073898780331697,1.8885449548191229
2026-06-23 09:00:00+00:00,72.50605336043202,28.61542109668815,11.508185546875243,0.7146482920083455
2026-06-23 10:00:00+00:00,83.5289137235097,32.64368758890179,8.970402777537362,5.0003994600181585
2026-06-23 11:00:00+00:00,65.72299289281968,28.99327574476992,16.78222541794188,3.438050548253582
2026-06-23 12:00:00+00:00,73.45129567268049,32.99485166539877,15.999585951342162,3.5092487304160755
2026-06-23 13:00:00+00:00,68.56099859891226,31.59563427842026,9.433594600292771,7.271061602004143
2026-06-23 14:00:00+00:00,72.01452716565711,31.687697128187963,15.390976882861496,3.4011856993669682
2026-06-23 15:00:00+00:00,71.52369484588922,30.71978790952557,12.60253079426897,1.1669500260462313
2026-06-23 16:00:00+00:00,79.22814813314152,30.14078391993786,9.139209337461565,2.7655206417954226
2026-06-23 17:00:00+00:00,75.90810871377808,28.16287423009944,5.271323539395307,1.7300487392861195
2026-06-23 18:00:00+00:00,85.72510653662673,28.627869700085434,0.0,2.6007089981041847
2026-06-23 19:00:00+00:00,77.62298255026099,24.765103557010796,0.0,2.656537168518665
2026-06-23 20:00:00+00:00,75.4787432641505,25.101386038259196,0.18967945983355616,2.4684447373007847
2026-06-23 21:00:00+00:00,70.76400140696026,21.5051056576645,0.7637660323786274,1.4144858764521875
2026-06-23 22:00:00+00:00,64.97315851090363,20.946109481639276,0.57299515415628,5.6738673685308
2026-06-23 23:00:00+00:00,60.7576954593485,18.7612312013554,0.0,3.9462999282242643
2026-06-24 00:00:00+00:00,51.28368369639754,19.976879934218427,0.0,3.299834291110026
2026-06-24 01:00:00+00:00,50.09123670268183,20.943208074847146,0.0,4.767565406278601
2026-06-24 02:00:00+00:00,50.981936528110424,19.30330913152102,0.0,4.461288307756077
2026-06-24 03:00:00+00:00,48.100904815518824,19.74189622434399,0.8022049980176772,4.28596702583887
2026-06-24 04:00:00+00:00,54.36236885608354,19.576737148654896,0.0,4.960218202446545
2026-06-24 05:00:00+00:00,51.237252272293226,21.86436176322548,0.0,4.292688026495349
2026-06-24 06:00:00+00:00,55.84548257896367,21.657829696788756,0.0,5.1499005507885585
2026-06-24 07:00:00+00:00,60.34793358799427,24.009218328423295,3.3709922233389795,5.374519833604007
2026-06-24 08:00:00+00:00,68.65242668024422,26.912296300676765,8.2145633012773,4.658404329820356
2026-06-24 09:00:00+00:00,68.82246380286468,29.652614830694677,12.66050924303309,4.234041989306376
2026-06-24 10:00:00+00:00,76.8708371930116,32.66604761721044,14.826818417439862,6.798401098946957
2026-06-24 11:00:00+00:00,69.26951873870107,29.52715513349612,15.525361401572091,4.100975225128349
2026-06-24 12:00:00+00:00,72.5343829612101,32.535368216705685,10.90300522093769,5.432699936863803
2026-06-24 13:00:00+00:00,70.66858535283562,31.292502976481977,16.89085999977751,5.579471775034689
2026-06-24 14:00:00+00:00,66.79714682847496,30.596604710642012,10.132153191581065,4.261758110565367
2026-06-24 15:00:00+00:00,67.33138279861444,30.680360951903445,9.860683419972641,4.09901127975276
2026-06-24 16:00:00+00:00,75.61605953893648,29.264586570919494,7.440837171440041,4.848762993870698
2026-06-24 17:00:00+00:00,75.65111776905034,28.06267587732966,4.158765800653488,4.768302125353202
2026-06-24 18:00:00+00:00,73.27804846361319,25.975675700492456,0.577875518749211,3.5280191129311325
2026-06-24 19:00:00+00:00,74.27024464151009,23.21759649575549,0.0,4.7677442720978975
2026-06-24 20:00:00+00:00,75.7905735056601,21.472638407288667,0.01537627426745208,6.161121667488047
2026-06-24 21:00:00+00:00,66.42873792981884,22.64438091244922,0.0,7.667141632574799
2026-06-24 22:00:00+00:00,69.50712767278165,20.26840101332217,0.25274802210413755,6.774926968670091
2026-06-24 23:00:00+00:00,58.18015802460821,18.914229412210652,0.3886082682280631,2.460651702281655
2026-06-25 00:00:00+00:00,51.510682871529454,19.02296028929293,0.6435851212540439,7.096031077693307
2026-06-25 01:00:00+00:00,48.89310812815721,19.744861776963447,0.0,5.511715054789426
2026-06-25 02:00:00+00:00,51.522583082877915,19.194475346361454,0.4636132428443952,7.018816964872514
2026-06-25 03:00:00+00:00,51.35818784028561,18.77284296651391,0.6804507937385266,6.4522979710946124
2026-06-25 04:00:00+00:00,49.12714361621199,21.967858475219355,0.0,6.285872242088849
2026-06-25 05:00:00+00:00,59.94039325432979,23.616676401657834,0.30617246004922527,6.4917885969032625
2026-06-25 06:00:00+00:00,55.02602419317375,23.744934893513076,0.479255626890053,6.678327083627648
2026-06-25 07:00:00+00:00,61.37232406226854,25.85552728353245,2.769391986765277,8.662004348551221
2026-06-25 08:00:00+00:00,70.78903614587492,27.713171055070344,5.8679770095854416,6.817550987560806
2026-06-25 09:00:00+00:00,75.45791282571236,29.008822824351554,10.645424854348542,8.425006474779442
2026-06-25 10:00:00+00:00,74.4707194990221,29.615088648670138,8.494663499092296,8.276082565398333
2026-06-25 11:00:00+00:00,67.50219860268248,30.532550888443406,14.506816693811365,7.943663773430828
2026-06-25 12:00:00+00:00,68.65719371485271,31.020411776915818,17.979937971098334,4.5526105901123
2026-06-25 13:00:00+00:00,60.08740645387192,29.267371408908033,12.384417407176155,8.655610054475586
2026-06-25 14:00:00+00:00,71.11696525569323,31.203543518089706,12.95442094024774,6.483975006046126
2026-06-25 15:00:00+00:00,63.97865035066078,28.119273548667035,3.2864594883223464,8.153942915119053
2026-06-25 16:00:00+00:00,69.18277909630098,27.822230613257407,7.006392434596112,5.811368382772724
2026-06-25 17:00:00+00:00,78.85150419404506,29.08043429017037,3.874505602164046,5.528844509185642
2026-06-25 18:00:00+00:00,79.67861201301493,27.060418457739278,1.1437250003265749,9.963929208023742
2026-06-25 19:00:00+00:00,78.49199708937633,26.267239857417994,0.0,5.86022370642664
2026-06-25 20:00:00+00:00,76.1884839868985,22.58659971680361,0.15767100889328906,8.80153427113251
2026-06-25 21:00:00+00:00,70.82409317085006,20.066026678833882,0.0,7.353736619821332
2026-06-25 22:00:00+00:00,65.75534712121426,19.90080398698846,0.5094056216033713,6.5847462676050625
2026-06-25 23:00:00+00:00,57.01848403000203,19.341541724536583,0.0,7.089164283552089
2026-06-26 00:00:00+00:00,55.31711581327852,18.697819902865056,0.0,5.303504522692114
2026-06-26 01:00:00+00:00,49.68354787804066,19.74238258575815,0.0,7.07306820439642
2026-06-26 02:00:00+00:00,55.455546169312925,18.136311219451272,0.0,5.538040498839505
2026-06-26 03:00:00+00:00,56.19434507465225,19.575152634542565,0.16159879842935373,6.456178694774147
2026-06-26 04:00:00+00:00,53.33076052706129,18.903393015091645,0.2418506968042568,8.25563374277182
2026-06-26 05:00:00+00:00,55.98756704125312,21.85634044700124,0.0,7.261122835506483
2026-06-26 06:00:00+00:00,49.5722717417364,22.7504012270887,0.0,4.7700365510472
2026-06-26 07:00:00+00:00,58.2382919468519,23.383488094967976,3.5304839145759557,7.971920765304298
2026-06-26 08:00:00+00:00,66.1798363786699,25.536916582556707,8.973520668168485,6.6997814485325415
2026-06-26 09:00:00+00:00,70.0763100984731,27.029775917349912,8.81210562612915,5.875859240277199
2026-06-26 10:00:00+00:00,65.33362765077206,28.15308766718459,14.63658292995318,7.600981744082913
2026-06-26 11:00:00+00:00,72.73039470691947,31.540299656449307,8.50771944725975,6.23799776222169
2026-06-26 12:00:00+00:00,60.39593919891263,29.879921617114462,17.50034237365533,4.75257898444165
2026-06-26 13:00:00+00:00,66.27027209501087,29.893851381635592,12.938539219484106,8.880061151072878
2026-06-26 14:00:00+00:00,58.154211043798874,27.449227323289765,9.35356474364279,6.1740034569856945
2026-06-26 15:00:00+00:00,69.46581257270732,28.27786707684986,9.330462651268446,5.986060713724886
2026-06-26 16:00:00+00:00,74.06460347252649,28.065930384155074,7.03412406231803,5.43163185900418
2026-06-26 17:00:00+00:00,72.05291014973609,26.300234495009875,4.097819601590786,7.546772650007388
2026-06-26 18:00:00+00:00,80.96140169341548,27.318567756448864,0.0,5.053579577600806
2026-06-26 19:00:00+00:00,74.24142500276794,23.894093670045443,0.0,3.51686558528864
2026-06-26 20:00:00+00:00,73.82980176315043,24.069721602096713,0.2850170980420114,4.619253172571192
2026-06-26 21:00:00+00:00,66.71210307564297,21.13510243528866,0.0,7.314890160435764
2026-06-26 22:00:00+00:00,65.68946471888322,19.847715196067394,0.6372953326906698,6.509140849128487
2026-06-26 23:00:00+00:00,56.23367901384198,18.727672599545695,0.3120965571086778,4.872940705465046
2026-06-27 00:00:00+00:00,40.33299394274387,18.22415342400441,0.44961553590555486,7.037696302031138
2026-06-27 01:00:00+00:00,44.213894294434205,20.06255400365983,0.27905850597482706,6.047119120350633
2026-06-27 02:00:00+00:00,44.2503299785295,15.40583544424272,0.0,4.511635787177102
2026-06-27 03:00:00+00:00,45.527140749235485,16.371916534146845,0.0,4.537763583669647
2026-06-27 04:00:00+00:00,44.06863238205676,19.060557186181484,0.0,5.116889001635111
2026-06-27 05:00:00+00:00,51.17631351387348,20.957594929858676,0.0,3.377952550671597
2026-06-27 06:00:00+00:00,49.69092272787419,23.20061182240804,0.24307765503819176,4.436905192487554
2026-06-27 07:00:00+00:00,53.22971321838312,24.478426567602916,4.443618613947003,4.752081322833731
2026-06-27 08:00:00+00:00,56.492469386614694,24.987945204534327,8.898908736000182,1.8498377769484065
2026-06-27 09:00:00+00:00,65.74283067377516,28.10446662494862,7.8020957695806565,3.8401309336381755
2026-06-27 10:00:00+00:00,65.57908390206417,29.346062697052897,11.375730843129901,3.5769422410610536
2026-06-27 11:00:00+00:00,62.282241428805804,29.26986894753042,11.828919058846415,5.339295227944457
2026-06-27 12:00:00+00:00,62.984805923813056,30.789338133296738,15.899130717187283,1.2194983316314976
2026-06-27 13:00:00+00:00,55.26296051442101,30.151603811533608,13.253337892807087,3.172764017371368
2026-06-27 14:00:00+00:00,54.05090359590755,28.93212975209227,12.353604425837744,2.941038633379939
2026-06-27 15:00:00+00:00,62.42443366641735,29.82990258320254,12.55375887936533,4.872012015500756
2026-06-27 16:00:00+00:00,64.22178605195968,28.157853576196256,7.887708102032993,3.3833998842787367
2026-06-27 17:00:00+00:00,68.63284946568085,26.77028486545407,3.057390571121535,5.879613887863062
2026-06-27 18:00:00+00:00,72.38206420581656,27.075429283967377,0.31770465050914654,4.217377619463596
2026-06-27 19:00:00+00:00,68.9890241578961,20.80031266365222,0.44334503770304806,2.6458504205097895
2026-06-27 20:00:00+00:00,63.55945807428652,20.473708284637862,0.0,3.49044692570261
2026-06-27 21:00:00+00:00,62.52934785448349,19.289940268977677,0.33530715525321036,2.599047778556993
2026-06-27 22:00:00+00:00,54.6656653381851,19.02255043913778,0.0,4.242940173472178
2026-06-27 23:00:00+00:00,54.04989129124521,18.18619971559312,0.008252588100154959,1.1251231945788671
2026-06-28 00:00:00+00:00,40.59959881431304,16.070414168506456,0.7084722078953235,1.792948694506283
2026-06-28 01:00:00+00:00,45.426093693522766,16.479549148509292,0.40374361701147427,3.5456415501275558
2026-06-28 02:00:00+00:00,41.40528716292267,16.820254612805986,0.3979359940110964,4.5910222103771225
2026-06-28 03:00:00+00:00,44.275545751366124,21.388759767659444,0.9543951792284833,0.0
2026-06-28 04:00:00+00:00,47.49563327364966,21.542740498789783,0.0,4.751345353077278
2026-06-28 05:00:00+00:00,47.58899501608418,20.11658395786043,0.0,2.6158626503905924
2026-06-28 06:00:00+00:00,46.1025984462056,21.60896725241701,0.0,0.16559007682790883
2026-06-28 07:00:00+00:00,50.82722258071776,22.206741641000956,3.5224943763007266,0.0
2026-06-28 08:00:00+00:00,51.4348943479165,22.836656876436443,5.786544307823937,0.6618745314083454
2026-06-28 09:00:00+00:00,56.939235527856766,26.42106417563247,5.504168595133085,2.7844650320062354
2026-06-28 10:00:00+00:00,59.243666262840485,26.594469565201877,10.77140394654536,2.7348283977582573
2026-06-28 11:00:00+00:00,60.98026550889543,28.63162438147388,14.12937967856073,3.734555886978657
2026-06-28 12:00:00+00:00,55.9539303227202,27.400753265261987,13.30457091573055,2.1056811335787033
2026-06-28 13:00:00+00:00,57.78129220294075,28.599340999072904,12.488790616461293,1.3564188991260164
2026-06-28 14:00:00+00:00,58.824821096134194,29.475996030519806,13.823242965394712,2.3678021189809044
2026-06-28 15:00:00+00:00,61.58217750145841,29.126184779601815,7.817491800597568,3.0372543948624844
2026-06-28 16:00:00+00:00,63.12753540974935,28.22279510640964,3.9982987185033325,3.362867559722977
2026-06-28 17:00:00+00:00,62.91951637471531,24.883324332773597,3.095341233683014,1.9899135326928656
2026-06-28 18:00:00+00:00,67.39199900153481,26.035287980002362,0.0,4.416950130989569
2026-06-28 19:00:00+00:00,65.95301071228803,22.48545404116384,0.0,2.350207131961459
2026-06-28 20:00:00+00:00,66.60882857013806,22.641298913208814,0.0,2.072674577539788
2026-06-28 21:00:00+00:00,62.34695800947266,20.411212080844724,0.03708308830301089,2.605733270694116
2026-06-28 22:00:00+00:00,64.30189575274865,17.51898763340471,0.0,4.949141327373246
2026-06-28 23:00:00+00:00,50.06218903198995,17.827139311701355,0.0,3.3419976318935896
2026-06-29 00:00:00+00:00,51.51611551583266,18.035167811507677,0.0,2.643176235392678
2026-06-29 01:00:00+00:00,48.468251892642336,18.117524467819624,0.08555694926563531,5.003423295584522
2026-06-29 02:00:00+00:00,50.64042144969033,17.407028528619648,0.2128572972924538,6.801642078895174
2026-06-29 03:00:00+00:00,51.15579569166141,20.00367815743665,0.20118267420991118,4.193555688032544
2026-06-29 04:00:00+00:00,54.306235508886154,20.318119860820556,0.006180565952629665,5.728600345784594
2026-06-29 05:00:00+00:00,52.864306585636456,20.033939915210215,0.0,5.555688516037935
2026-06-29 06:00:00+00:00,56.046299435727455,22.67946025981487,0.0,3.363694858678678
2026-06-29 07:00:00+00:00,61.36633377973699,25.643211046334976,3.1407265837193035,4.357450465041848
2026-06-29 08:00:00+00:00,65.53789396895569,27.21871289992899,2.4381677018208756,2.635035619188848
2026-06-29 09:00:00+00:00,62.38714492463856,24.830303950700152,8.541484309117005,4.255675107294648
2026-06-29 10:00:00+00:00,64.60989940768816,26.425520625022518,11.400299908346968,3.779177660135471
2026-06-29 11:00:00+00:00,70.73997514944492,30.26372036538303,10.776755359825748,4.205997040765267
2026-06-29 12:00:00+00:00,63.73906177171057,27.802359375846194,14.082824476829446,3.8350078523330464
2026-06-29 13:00:00+00:00,60.62054083918634,27.680899832481106,13.725713232678462,4.598064468526201
2026-06-29 14:00:00+00:00,64.39065859619234,28.471410609015756,6.139969234737219,5.860264864505336
2026-06-29 15:00:00+00:00,64.48963618587487,28.951185059797343,10.018479826020714,5.062673944572855
2026-06-29 16:00:00+00:00,71.65507637206608,27.36213041386204,5.940547869439494,2.734033346230949
2026-06-29 17:00:00+00:00,70.14728705339859,25.453428469795437,3.96091706580263,4.4128369289411875
2026-06-29 18:00:00+00:00,74.95003719938082,23.969837650189273,0.0,3.442242805643991
2026-06-29 19:00:00+00:00,77.37386934626609,22.363182474328013,0.22760136231857092,6.021521703999358
2026-06-29 20:00:00+00:00,72.62661949463359,20.601805451790096,0.10848091180726215,6.493053798675508
2026-06-29 21:00:00+00:00,67.06966115189879,22.94037136013294,0.0,6.253988125362591
2026-06-29 22:00:00+00:00,64.52697539087552,19.309202029603664,0.0,4.896412948807847
2026-06-29 23:00:00+00:00,60.54179591263077,19.055342868505758,0.0,6.44559550078369
2026-06-30 00:00:00+00:00,50.81052737889294,16.797629538769794,0.3050652518985547,5.540045918956623
2026-06-30 01:00:00+00:00,50.39928319713914,16.94976107209154,0.0,4.699611925393089
2026-06-30 02:00:00+00:00,52.70692998439527,16.514060115850913,0.08322442197411396,7.423206747902147
2026-06-30 03:00:00+00:00,52.74424136470761,14.780787868485445,0.17857096221443625,7.617326189202771
2026-06-30 04:00:00+00:00,51.51433568461756,17.255989115640705,0.0,7.884088592127306
2026-06-30 05:00:00+00:00,50.196424043545015,17.972889874889955,0.0,5.783230576004822
2026-06-30 06:00:00+00:00,57.07146388414204,18.886510059878898,0.0,8.36082835297564
2026-06-30 07:00:00+00:00,57.206060301774194,21.698408377847873,3.10695622540154,6.0888222357655835
2026-06-30 08:00:00+00:00,66.14883243565548,26.269516707376287,5.963378993486202,7.759977099633846
2026-06-30 09:00:00+00:00,66.11894113006697,26.067291357182956,10.511514813624016,6.189978161852424
2026-06-30 10:00:00+00:00,65.69206351005204,28.906034219720336,13.256092061766486,6.646639323970334
2026-06-30 11:00:00+00:00,66.62795812330381,28.79829436378905,17.68784129264949,3.620151006468847
2026-06-30 12:00:00+00:00,67.99506962861012,29.837978238180202,11.270725281470892,6.631198438110172
2026-06-30 13:00:00+00:00,63.07726485221782,28.016810573044204,13.29905899643549,7.21985028934837
2026-06-30 14:00:00+00:00,65.79032711476235,29.516862201269163,14.189807567992494,6.550967353526575
2026-06-30 15:00:00+00:00,63.847109635296405,29.157999991669776,10.731273940003506,9.61058801693357
2026-06-30 16:00:00+00:00,71.45693238731069,26.633024466702466,6.702660150511857,5.545461829853915
2026-06-30 17:00:00+00:00,75.27697077749222,26.748925052862763,2.503399630529965,6.398934437864703
2026-06-30 18:00:00+00:00,73.07018725828874,25.30507867448768,0.0,5.930163322479868
2026-06-30 19:00:00+00:00,72.68977982953827,22.408685202065765,0.3593108126955265,6.41071222940634
2026-06-30 20:00:00+00:00,73.39641962065933,20.163468329903463,0.0,8.64096326457705
2026-06-30 21:00:00+00:00,70.52576728554492,18.63845454917008,0.2802641376364222,9.257192681867952
2026-06-30 22:00:00+00:00,63.38656271608323,18.916426122391115,0.0,6.191804694022784
2026-06-30 23:00:00+00:00,61.61527792034227,18.247519290270073,0.0,6.139714161801891
2026-07-01 00:00:00+00:00,47.60352197728238,16.300822031476226,0.08207368003821237,5.505056709804469
2026-07-01 01:00:00+00:00,48.98687188900622,17.075607208123706,0.1231390457469292,8.921123876976367
2026-07-01 02:00:00+00:00,46.80009754205634,17.929240076390112,0.24686135723012406,8.623283107976667
2026-07-01 03:00:00+00:00,49.76789267545552,18.5824220679964,0.0,6.861425486829425
2026-07-01 04:00:00+00:00,55.82421574843372,20.653105641899792,0.0,5.0056754783847754
2026-07-01 05:00:00+00:00,58.27288805196085,21.562761492613237,0.8123925199498974,5.075928296687017
2026-07-01 06:00:00+00:00,56.46164778103869,20.27296480700256,1.244627084511679,7.08395648001836
2026-07-01 07:00:00+00:00,59.43520877474064,25.04492677025535,3.2595872148999696,7.548910473449988
2026-07-01 08:00:00+00:00,60.58831620015619,23.937710738424435,8.062008826689524,3.8171183881757433
2026-07-01 09:00:00+00:00,70.03988230409426,27.27331123746217,6.068692093148115,6.185084741297237
2026-07-01 10:00:00+00:00,63.88761357134738,27.34133491563297,8.912808779634135,8.821249163990736
2026-07-01 11:00:00+00:00,63.04491027957278,27.716480865275624,16.45311395254399,6.1675744447070935
2026-07-01 12:00:00+00:00,62.37304311734813,26.639175014651318,17.39355468272907,8.469998187416508
2026-07-01 13:00:00+00:00,60.63891728490295,28.805078797003837,15.04367678160236,7.201792135581402
2026-07-01 14:00:00+00:00,59.235496516533054,26.933502678633324,12.143765099011208,4.680214435863577
2026-07-01 15:00:00+00:00,69.92469256366387,29.36452210953447,5.330845459005108,5.690260189307406
2026-07-01 16:00:00+00:00,74.68382936472737,29.068957208220127,3.5718352220093736,5.818607165464436
2026-07-01 17:00:00+00:00,69.66176399429496,25.048578712324325,2.9604314825420497,4.561304419435854
2026-07-01 18:00:00+00:00,75.17873095155426,24.919009564794518,0.3105987797264527,4.430594257064331
2026-07-01 19:00:00+00:00,75.61348170655826,22.13227110408128,0.562397982585619,7.789313416590871
2026-07-01 20:00:00+00:00,77.55810967112515,20.694807610057012,0.0,4.201097031655429
2026-07-01 21:00:00+00:00,68.94967847849695,20.930611990600255,0.20262004565321562,6.967216226771223
2026-07-01 22:00:00+00:00,64.48592507755056,18.71179874871751,0.0,4.7330775533775
2026-07-01 23:00:00+00:00,63.23516891361919,19.8917298372978,0.0,5.194067557352395
2026-07-02 00:00:00+00:00,50.230105897847466,16.62584222169374,0.5132128402736094,5.901721289268492
2026-07-02 01:00:00+00:00,48.73472392479033,18.199203598969387,0.19374792390723047,4.162017857933448
2026-07-02 02:00:00+00:00,52.12801647433939,17.321417291686586,0.24518429970094127,5.679926935157883
2026-07-02 03:00:00+00:00,54.37108985647363,18.759085798673663,0.7510575739973065,1.9050358014434239
2026-07-02 04:00:00+00:00,53.279488916491445,18.221455474133666,0.0,5.271434520691995
2026-07-02 05:00:00+00:00,53.99766143813092,19.94174774089991,0.0,1.0866521058006349
2026-07-02 06:00:00+00:00,53.20657770758179,21.31039063106244,0.07896667441734777,4.113012683396624
2026-07-02 07:00:00+00:00,58.71005455282606,21.99947239267591,3.6710161723144017,5.516102791820997
2026-07-02 08:00:00+00:00,66.35385632097787,25.351142515269494,8.262223745471832,5.0828039394820745
2026-07-02 09:00:00+00:00,64.43721484003223,26.78517070617439,12.634222450905865,2.2874047146865153
2026-07-02 10:00:00+00:00,67.64855138374291,27.961071653539708,13.886444491259736,2.36369074604208
2026-07-02 11:00:00+00:00,69.79248736573979,30.048121811224316,8.57130176495133,2.935859143548331
2026-07-02 12:00:00+00:00,65.71904041590962,30.54397632248362,18.085169385403393,4.062496330268334
2026-07-02 13:00:00+00:00,63.878656964110085,28.561022581444494,12.962069807564959,0.8621659788953662
2026-07-02 14:00:00+00:00,66.49817936001494,29.256074028502248,12.656235930030485,3.5969821335024044
2026-07-02 15:00:00+00:00,66.84102127187838,27.462739292314133,7.227548329723784,3.9639137893305936
2026-07-02 16:00:00+00:00,67.7682782957414,27.287777343709127,8.032593111364323,3.0481130281702207
2026-07-02 17:00:00+00:00,67.9488930517574,25.299764523574222,2.993482780092273,4.100530739224017
2026-07-02 18:00:00+00:00,78.90865447328743,26.518966914854552,0.0,3.6034927064513513
2026-07-02 19:00:00+00:00,73.66442636767565,23.46106109922128,0.144419175829688,2.4618466492166724
2026-07-02 20:00:00+00:00,77.58774988499594,21.212879572585106,0.0,0.4442596461567816
2026-07-02 21:00:00+00:00,73.55258052093608,21.462726780203234,0.8449113102205077,3.2815224258733795
2026-07-02 22:00:00+00:00,69.0777081058746,16.186111005998313,0.6710911473866094,1.7054801354636218
2026-07-02 23:00:00+00:00,57.99065802739403,15.423670096559693,0.31641956617580413,2.180520318380121
2026-07-03 00:00:00+00:00,52.93198500944188,18.19960201928766,0.1892334696464928,3.6168969668544753
2026-07-03 01:00:00+00:00,53.540876797681676,17.11626693627323,0.0,4.891942400958758
2026-07-03 02:00:00+00:00,53.518641049698545,17.552388588338637,0.0,2.821679009345236
2026-07-03 03:00:00+00:00,51.22152126753593,16.26343212374064,0.0,3.6237660494098485
2026-07-03 04:00:00+00:00,55.647551598378605,18.784739019064922,0.050700016702628345,0.8048145730766496
2026-07-03 05:00:00+00:00,54.02595915301861,22.463619839929617,0.11472823722233115,3.1557848435828477
2026-07-03 06:00:00+00:00,56.75834160950849,22.49982999238369,0.23476818350791304,2.71914671079191
2026-07-03 07:00:00+00:00,55.69731195091453,23.27179620159324,2.768438849579807,4.520918612876654
2026-07-03 08:00:00+00:00,62.87815742833739,24.098788672071954,7.814711323253095,2.0463731570996786
2026-07-03 09:00:00+00:00,64.24670612761999,25.60398918588009,12.38638425775335,2.4737591661624787
2026-07-03 10:00:00+00:00,62.48773112514451,24.76996375034288,14.908127371828307,4.309425904676611
2026-07-03 11:00:00+00:00,66.61255991683012,28.592711415885955,17.772155667799804,2.7192279690331165
2026-07-03 12:00:00+00:00,67.84543939437383,29.90270078641618,11.103243607718786,1.322585248361876
2026-07-03 13:00:00+00:00,59.84408093098923,27.207143774804955,14.247593413366847,6.479962246756832
2026-07-03 14:00:00+00:00,65.69967040397583,28.10520737655383,9.461206223749695,1.4360931930347216
2026-07-03 15:00:00+00:00,64.04826264541106,26.91615771282789,9.421749488763865,2.8996198790169427
2026-07-03 16:00:00+00:00,64.41452883979268,26.19893627116441,8.507324139430363,3.5251490652214543
2026-07-03 17:00:00+00:00,74.28352658307135,26.184792710614463,4.986699855179993,3.469408624317778
2026-07-03 18:00:00+00:00,71.55371256922368,22.178287306132162,0.09487828058132738,2.8892835649111155
2026-07-03 19:00:00+00:00,71.79046170759412,23.86996367303407,0.33129907521262536,2.961498093638283
2026-07-03 20:00:00+00:00,71.09315814450451,22.490876677341245,0.0,2.9613742719915157
2026-07-03 21:00:00+00:00,70.30037433564424,19.84430918522213,0.0,1.8027739819218112
2026-07-03 22:00:00+00:00,64.11611689999032,15.932750035876694,0.6144075013583026,6.454671981581404
2026-07-03 23:00:00+00:00,55.30459407605316,16.76713551918562,0.20115769567830794,3.219925381211761
2026-07-04 00:00:00+00:00,43.80264784340672,18.84980721441858,0.0,4.451198529642705
2026-07-04 01:00:00+00:00,47.26871458300494,13.83931594784051,0.33701160115809836,3.2383584442022877
2026-07-04 02:00:00+00:00,43.64610078654492,16.96749440588028,0.9590821973143845,3.3051249816692523
2026-07-04 03:00:00+00:00,44.6660593013935,16.575231069059356,0.0,3.2623788722624925
2026-07-04 04:00:00+00:00,47.91822130822809,19.9176731060828,0.7596938378227561,1.831436797388036
2026-07-04 05:00:00+00:00,48.73767963812376,19.39227516482951,0.0,3.880309789064167
2026-07-04 06:00:00+00:00,51.608388248728,22.14196183106356,0.46899947252670665,3.641779794953127
2026-07-04 07:00:00+00:00,45.90838630035675,23.896539454626176,2.5317223904729946,5.960296925233809
2026-07-04 08:00:00+00:00,64.16032051217785,26.9823636119347,6.8344166847675245,2.755217936156124
2026-07-04 09:00:00+00:00,61.17586611487024,25.9905744818717,5.25377874273548,3.7345882316241084
2026-07-04 10:00:00+00:00,66.7897773774066,27.936259705342483,12.109194829977005,3.3980275234557697
2026-07-04 11:00:00+00:00,53.276941984457224,26.664846433474917,17.304891241164608,6.789579932427703
2026-07-04 12:00:00+00:00,56.94947925359203,30.483339841807105,14.392011076980884,3.667689073468977
2026-07-04 13:00:00+00:00,55.75393577169501,28.35533857474549,11.79428574963681,5.787219782616601
2026-07-04 14:00:00+00:00,55.78146286018374,28.39939163994606,13.72373828475171,6.473365166502843
2026-07-04 15:00:00+00:00,61.27642502497554,28.455120467483358,12.506892942713703,5.025390543207276
2026-07-04 16:00:00+00:00,61.66925405018023,25.66189914400328,9.874876959723146,3.416620421771848
2026-07-04 17:00:00+00:00,66.63067296198334,26.578427842401876,4.931810391004012,3.5475903175298855
2026-07-04 18:00:00+00:00,69.56452388474236,26.027090906499367,0.0,6.773071589940054
2026-07-04 19:00:00+00:00,68.83717458455523,23.6741794523059,0.0,3.915005761305097
2026-07-04 20:00:00+00:00,65.50810061729537,19.872637008236065,0.0,6.337246744483507
2026-07-04 21:00:00+00:00,61.58891164815857,20.193353701694328,0.0,6.054909368515609
2026-07-04 22:00:00+00:00,59.71100398169859,19.999541619212074,0.022094959778019552,6.5267645774624405
2026-07-04 23:00:00+00:00,55.485585521295334,15.911956969556293,0.1967079025902614,6.76021873098423
2026-07-05 00:00:00+00:00,46.99622719468497,16.286494788971694,0.0,4.891066778847999
2026-07-05 01:00:00+00:00,44.181898674120326,18.433818336147926,0.3885642296377641,4.927388104422793
2026-07-05 02:00:00+00:00,39.72352870078566,17.920845842067898,0.300551972010007,7.385402848050184
2026-07-05 03:00:00+00:00,44.51776424831499,18.700942455750887,0.0,5.591004879199347
2026-07-05 04:00:00+00:00,44.02290979043373,21.40204640144622,0.0,2.705427029803178
2026-07-05 05:00:00+00:00,46.40917892872861,20.986241826994,0.0,7.54317603308767
2026-07-05 06:00:00+00:00,47.83918175561383,22.67133502819986,0.0,5.258955311909064
2026-07-05 07:00:00+00:00,57.077592752264174,26.698602709748048,3.443426681394243,7.433827616692233
2026-07-05 08:00:00+00:00,52.8964469095512,24.753099634131093,8.067771940033792,8.795025838523676
2026-07-05 09:00:00+00:00,54.967438845979586,25.51045179741985,9.559288595599972,6.928723328492487
2026-07-05 10:00:00+00:00,63.61755026987254,28.23518443381578,15.71057813973518,8.354286517543342
2026-07-05 11:00:00+00:00,58.26671697354142,29.21352249752776,15.419361858637627,7.225116759564402
2026-07-05 12:00:00+00:00,57.47749803043443,28.665585045820954,10.325930106086888,9.276277997691443
2026-07-05 13:00:00+00:00,57.19223562049221,28.274833925579394,14.568122096990383,5.605374383589388
2026-07-05 14:00:00+00:00,65.40732671999854,32.09281359062226,15.540708231465073,7.113535845252867
2026-07-05 15:00:00+00:00,63.19298074404262,29.125657183933917,9.671371646369229,8.094350968672426
2026-07-05 16:00:00+00:00,62.594120859007845,26.913149487412216,7.652212817421949,6.906337889495242
2026-07-05 17:00:00+00:00,70.36871798987409,27.660436762058215,3.7681995750616446,8.801054765123938
2026-07-05 18:00:00+00:00,71.01898823261251,24.995439190433164,0.26143983345880345,6.592129621144971
2026-07-05 19:00:00+00:00,68.12767158033155,23.282328702045508,0.0,10.097119612280444
2026-07-05 20:00:00+00:00,61.68896011870175,22.719994647082565,0.19307345049609528,10.168061482441207
2026-07-05 21:00:00+00:00,61.049321065484364,19.06042453720398,0.014127685755022755,7.582848964528422
2026-07-05 22:00:00+00:00,58.851715053214136,19.803802806193815,0.0,7.946556001805764
2026-07-05 23:00:00+00:00,51.20506692437266,20.735396626446473,0.0,8.820264731488871
2026-07-06 00:00:00+00:00,55.12998347056049,18.412677821671043,0.0,5.462960459281633
2026-07-06 01:00:00+00:00,51.45669908460372,17.210284262742125,0.0,5.2555243154404305
2026-07-06 02:00:00+00:00,51.52405372165912,17.270678609320225,0.19144754758084603,8.812863417694537
2026-07-06 03:00:00+00:00,54.1532253425171,17.999321551298223,0.11577341263916024,7.393383868835921
2026-07-06 04:00:00+00:00,51.89671132319927,19.153708002563015,0.42483512622424685,6.643107008842709
2026-07-06 05:00:00+00:00,54.13217125081217,20.261056941316994,0.0,6.920828512359404
2026-07-06 06:00:00+00:00,58.26341590799682,23.27450301811883,0.9476918127383337,3.504617188170225
2026-07-06 07:00:00+00:00,55.607722186183736,21.661508294049543,3.182091522056073,6.513050147385098
2026-07-06 08:00:00+00:00,65.71445455770689,26.342285057834445,4.013767712050238,5.655455680334829
2026-07-06 09:00:00+00:00,68.53772283441688,26.313053219177608,7.322148705173324,7.920218903111378
2026-07-06 10:00:00+00:00,68.76697426472835,28.47745517193629,14.721496066505063,7.948678008348018
2026-07-06 11:00:00+00:00,67.45671653365021,27.640136884161496,15.531942508423336,7.27943966177138
2026-07-06 12:00:00+00:00,66.24613883774822,31.20026666445105,10.43710759884383,6.938146968628446
2026-07-06 13:00:00+00:00,65.57052851964023,31.3191914476213,9.041278625148177,4.196842106835083
2026-07-06 14:00:00+00:00,70.22793677257195,30.78565767721262,11.396229075743719,7.025106189028689
2026-07-06 15:00:00+00:00,65.9362261778746,27.231293819052294,13.633555902137417,6.981157123732755
2026-07-06 16:00:00+00:00,73.018967364113,29.104773498548884,6.54159224085612,7.742048814703229
2026-07-06 17:00:00+00:00,75.9299592387456,27.367440298221354,4.524229896232052,8.860314352169025
2026-07-06 18:00:00+00:00,74.81834156959671,23.52271480343193,0.7186295402180399,3.4188245459994118
2026-07-06 19:00:00+00:00,72.7397128505063,23.881565069444964,0.3294552922404361,5.135969831759402
2026-07-06 20:00:00+00:00,71.46341942520478,22.80992789953114,1.1005515693772967,4.530228607204845
2026-07-06 21:00:00+00:00,69.76036434773799,21.60745180012137,0.12436113015950978,5.69891578353819
2026-07-06 22:00:00+00:00,66.51538761336867,19.925075823787445,0.0,5.3629184245937624
2026-07-06 23:00:00+00:00,57.33301410171476,19.123249127690112,0.0,4.902247716876649
2026-07-07 00:00:00+00:00,51.04299919346127,19.957701987047898,0.0,6.553785209696118
2026-07-07 01:00:00+00:00,51.202174453707585,19.471240691892817,0.0,3.458020104346886
2026-07-07 02:00:00+00:00,52.61830941989483,14.779131977519361,0.5722966694136903,3.4272908419159034
2026-07-07 03:00:00+00:00,51.95117677905481,18.453302070995477,0.2994170863280346,3.3361220012738846
2026-07-07 04:00:00+00:00,51.37201753138956,19.605460559308757,0.010154003280202906,4.151385554515107
2026-07-07 05:00:00+00:00,56.819067332631256,18.958538587155854,0.0,2.822567977924356
2026-07-07 06:00:00+00:00,55.180505272041906,22.63660817279358,0.11343650900636862,4.362598016455471
2026-07-07 07:00:00+00:00,61.22217763616747,25.590528327413516,5.16514966444306,4.088476339891912
2026-07-07 08:00:00+00:00,58.18735773161143,24.356637212886795,8.934663271740527,3.110469351401651
2026-07-07 09:00:00+00:00,67.60847052853588,27.526938832849694,8.267985901318347,5.328452140911893
2026-07-07 10:00:00+00:00,67.93670641160121,27.282630320746968,13.3555284005651,3.9179201609715864
2026-07-07 11:00:00+00:00,67.58920158328057,28.54462147080962,11.670902004235923,5.387706309644532
2026-07-07 12:00:00+00:00,72.70666863850451,31.73904083342597,8.635669345161979,3.5287243312807277
2026-07-07 13:00:00+00:00,65.54464514841972,29.535457329714212,16.98843114959543,3.6729996014326676
2026-07-07 14:00:00+00:00,73.48956175091442,30.552711806696664,8.662586504501554,2.827599773135979
2026-07-07 15:00:00+00:00,62.95965110393663,27.1692284264549,11.297043483613157,3.518047509260837
2026-07-07 16:00:00+00:00,73.36929641161645,30.71205489606296,6.489905126280962,4.441488909974474
2026-07-07 17:00:00+00:00,74.6295393548523,27.97396974873597,3.4524664792121227,2.789213458771318
2026-07-07 18:00:00+00:00,74.9142510222823,25.600912005986217,0.0,4.016055632343205
2026-07-07 19:00:00+00:00,74.54485297660231,24.973919912909274,0.5181871212794897,2.0823168669110794
2026-07-07 20:00:00+00:00,73.40512905152417,21.054887652128564,0.2362255071776505,4.2175955422511695
2026-07-07 21:00:00+00:00,72.38076870203393,22.73499660345185,0.07615018627365965,2.2828759534375376
2026-07-07 22:00:00+00:00,67.93234980805407,19.700963863817456,0.39863628058464007,4.232137469306268
2026-07-07 23:00:00+00:00,61.152224925091055,18.90782785032093,0.0083753545358711,3.0755671525934085
2026-07-08 00:00:00+00:00,56.02136120742242,17.979848991496823,1.589932244411757,5.07545828845365
2026-07-08 01:00:00+00:00,51.115136235538294,17.6851843279554,0.07567346682837056,1.291980847394769
2026-07-08 02:00:00+00:00,48.40221351941687,19.436638177211133,0.09764104924485217,0.8083156995274376
2026-07-08 03:00:00+00:00,54.44926008734759,19.526192387972962,0.0,1.985371134019833
2026-07-08 04:00:00+00:00,48.790901892984145,20.971426393156516,0.0,0.8886303234426602
2026-07-08 05:00:00+00:00,52.46365957365814,21.438171660983315,0.5736888408999048,0.8762229779902126
2026-07-08 06:00:00+00:00,57.586690168820745,23.528448750520973,0.0,3.673186088183764
2026-07-08 07:00:00+00:00,58.922318716472304,23.97974341708491,3.163600439229696,2.7941496892222784
2026-07-08 08:00:00+00:00,70.20210591248393,28.7278324721977,8.307783683268212,2.1314616561539745
2026-07-08 09:00:00+00:00,62.46882904596949,25.63463970908407,11.445396610474276,2.270304193962194
2026-07-08 10:00:00+00:00,73.19235443252146,30.288874747683053,11.977003886563562,1.9909529206338203
2026-07-08 11:00:00+00:00,74.82913569455945,31.387739254884067,11.489589580999407,5.158592113332284
2026-07-08 12:00:00+00:00,67.06978725738739,29.340085162699495,6.961444951184662,1.8452551914638047
2026-07-08 13:00:00+00:00,70.5477846285948,33.25930495103165,14.850668425911403,1.0566882068340362
2026-07-08 14:00:00+00:00,67.34792041113565,31.591407428434394,13.011684048094223,4.060593926187012
2026-07-08 15:00:00+00:00,70.6884582622326,30.979901240141032,10.314333695047212,2.6881421204993328
2026-07-08 16:00:00+00:00,74.27094198271028,28.91179626056604,5.42044544121412,5.894068811130628
2026-07-08 17:00:00+00:00,76.36838146657233,27.392032254803723,4.557561191861481,2.3580562173624355
2026-07-08 18:00:00+00:00,75.31463416830522,25.971528466446244,0.566157971273675,4.339302602179574
2026-07-08 19:00:00+00:00,72.0169199168874,25.155767785502956,0.29176254591667095,4.735238875214132
2026-07-08 20:00:00+00:00,75.90514823441899,24.832890437166327,0.32684135440565926,2.560408719711858
2026-07-08 21:00:00+00:00,67.61344447627387,21.93923085951357,0.26036044935086944,2.3249923088770714
2026-07-08 22:00:00+00:00,66.0346180624931,19.402574580675864,0.43423616075059784,4.482278224692862
2026-07-08 23:00:00+00:00,58.280237036284205,20.549421365345044,0.0,4.332761351090003
2026-07-09 00:00:00+00:00,49.69815452252482,20.08341951040353,0.0,1.640640998695061
2026-07-09 01:00:00+00:00,52.1829498434458,19.576534507602037,0.0,2.127062554129939
2026-07-09 02:00:00+00:00,57.24287099342331,19.907352225055117,0.0,0.25079211603973484
2026-07-09 03:00:00+00:00,53.5253483584283,19.30442233560868,0.1940684616540897,4.733541595570312
2026-07-09 04:00:00+00:00,52.886588063755134,19.48565412086833,0.16234082661442503,3.6346628301829567
2026-07-09 05:00:00+00:00,54.67670840653657,20.81865493574281,0.5585529057280156,3.8781687958678344
2026-07-09 06:00:00+00:00,52.63299317046733,21.36243275216573,0.5742476492901755,1.8435687742177493
2026-07-09 07:00:00+00:00,59.089368115248185,25.17966642136925,2.881824406496874,2.7828193180500493
2026-07-09 08:00:00+00:00,60.09709715104888,26.365536956012537,9.119288055025233,3.761455623179837
2026-07-09 09:00:00+00:00,72.82675193821301,27.402215761159347,8.524325013235854,3.601338439993971
2026-07-09 10:00:00+00:00,67.3319637928265,25.64354420128945,10.462310146805374,4.820814682636183
2026-07-09 11:00:00+00:00,68.60242187350352,28.664466646199063,8.167633106302365,5.5868927580956935
2026-07-09 12:00:00+00:00,70.71164119318894,32.12311066842146,16.295643961764156,8.062318493264808
2026-07-09 13:00:00+00:00,62.00342902810826,30.20244879992424,17.797441714231212,4.971976157956698
2026-07-09 14:00:00+00:00,68.19458166582716,31.245718041919364,15.871661606818634,6.676702832070179
2026-07-09 15:00:00+00:00,72.1633179854856,28.56223471961089,6.446493482848004,4.068000731417148
2026-07-09 16:00:00+00:00,77.33001665519782,31.021441162566106,9.963684877615112,2.99923098212299
2026-07-09 17:00:00+00:00,75.35856702583627,27.89696580133939,3.5189176095640824,4.964183414404893
2026-07-09 18:00:00+00:00,75.4118590257103,26.98820152112604,0.06625969291403092,3.332591494201619
2026-07-09 19:00:00+00:00,85.37224898328681,27.89560766274391,0.0,5.700379821661626
2026-07-09 20:00:00+00:00,75.67829975489553,25.38891092916187,0.8259959187216697,4.695773714687513
2026-07-09 21:00:00+00:00,65.7037432883497,21.771634201943783,0.0,3.15884067331034
2026-07-09 22:00:00+00:00,62.23425016165555,20.202413282491978,0.07474205036975462,8.429214303631236
2026-07-09 23:00:00+00:00,56.94358203696009,19.587505048965244,0.6018910765127231,5.347413601652468
2026-07-10 00:00:00+00:00,51.347845384523275,20.008014445477883,0.29256972873053827,3.90553885291117
2026-07-10 01:00:00+00:00,51.86823694001301,19.082787965434264,0.0,7.550568061753648
2026-07-10 02:00:00+00:00,50.43982774750318,18.956558495797236,0.5551954861787315,5.364444752754633
2026-07-10 03:00:00+00:00,53.132271467845314,21.808203764954516,1.269241614713976,7.998319781156417
2026-07-10 04:00:00+00:00,52.60938734135003,20.88135982718741,0.15870522439971066,5.528882850061127
2026-07-10 05:00:00+00:00,58.23010017204431,25.037853113564914,0.058380043936283196,5.8776618496823545
2026-07-10 06:00:00+00:00,55.35971589456414,23.8515956281467,0.08531354180954077,7.192485508473194
2026-07-10 07:00:00+00:00,72.11734372715465,27.455251003150135,4.581028037222396,7.610344520610641
2026-07-10 08:00:00+00:00,66.44824862943649,27.311792789589227,6.290225563584175,7.920952481756766
2026-07-10 09:00:00+00:00,70.61775923834806,29.5028490432332,10.54070460074859,6.779618294104708
2026-07-10 10:00:00+00:00,67.8214990500297,28.737578476282305,9.62934221329891,7.700277763390822
2026-07-10 11:00:00+00:00,68.48768632741847,29.553259346354828,10.204897586476996,8.0536800565065
2026-07-10 12:00:00+00:00,65.77432259553915,31.745937972586788,17.189822629367942,7.334673732287431
2026-07-10 13:00:00+00:00,71.51405826491253,32.60208727259389,13.333740741481616,6.892602977279326
2026-07-10 14:00:00+00:00,64.56518677450677,31.276741988011167,16.472998931004955,5.101623890312359
2026-07-10 15:00:00+00:00,68.64823777779755,29.102382529293926,10.30187294238327,7.990768541106359
2026-07-10 16:00:00+00:00,68.72308462436617,28.0772213752839,5.063714319537305,7.231957528106913
2026-07-10 17:00:00+00:00,73.23934587204214,26.771280108575844,4.294752569163321,6.6088859765192085
2026-07-10 18:00:00+00:00,75.9341938518817,24.932527743196754,0.6873743416153292,8.985857885488386
2026-07-10 19:00:00+00:00,82.8498378256449,25.649020521541544,0.5633051743145961,5.201032913921359
2026-07-10 20:00:00+00:00,73.1082082934832,25.33161518759102,0.014074955112101531,9.498635817970904
2026-07-10 21:00:00+00:00,68.91802538449694,22.535175767324226,0.0,7.156765579721948
2026-07-10 22:00:00+00:00,62.65251715191332,18.612892293483142,0.5624664178523214,7.617439799213361
2026-07-10 23:00:00+00:00,57.84867541051695,20.159678434337383,0.0,6.598862961271998
2026-07-11 00:00:00+00:00,43.01127195951157,19.610497845315003,0.19601519902876152,4.791134740303288
2026-07-11 01:00:00+00:00,46.0727939507862,22.133232489020422,1.1363294954466656,6.896870477997251
2026-07-11 02:00:00+00:00,43.381989559303506,18.090488859572304,0.10267784112572874,7.522519807943753
2026-07-11 03:00:00+00:00,49.6030647143689,19.986170763088648,0.0,7.956515631777359
2026-07-11 04:00:00+00:00,46.25048373040348,23.471996248001737,0.2051843513357689,6.682967875399946
2026-07-11 05:00:00+00:00,44.769148589764775,23.224014296267192,0.0,3.8357001106395856
2026-07-11 06:00:00+00:00,50.201559154708015,24.823476180123517,0.0,4.686749367064255
2026-07-11 07:00:00+00:00,53.40918822014571,25.854237223519256,3.908598259511611,9.652664860893502
2026-07-11 08:00:00+00:00,63.36647008017325,27.681848970452435,6.53011266703824,5.180170737924371
2026-07-11 09:00:00+00:00,62.461805746623,29.682344623166067,9.144603622591513,8.632787857585166
2026-07-11 10:00:00+00:00,61.248298700986105,29.036623969178144,7.825168048078561,5.247913486225766
2026-07-11 11:00:00+00:00,64.54719097391133,32.03128497437501,16.905882177642315,6.21664906037048
2026-07-11 12:00:00+00:00,61.27448888103062,29.945449475322256,12.69154068198748,7.259796423749501
2026-07-11 13:00:00+00:00,65.25051439756169,32.20751485354945,17.105480681741636,5.144855329830223
2026-07-11 14:00:00+00:00,66.49479627839675,31.83943059899048,11.79841102360957,8.427307067095754
2026-07-11 15:00:00+00:00,64.3928303819168,30.3018372403575,13.67400647655766,6.20601970129578
2026-07-11 16:00:00+00:00,68.08999091911002,30.0764405503451,7.66909149682455,6.643970284246532
2026-07-11 17:00:00+00:00,71.56895605902528,28.129694110379486,4.6355154235492115,5.520170803540017
2026-07-11 18:00:00+00:00,67.76602535810856,26.159268304600655,0.44169978446621555,6.710617890823576
2026-07-11 19:00:00+00:00,66.20882713579235,25.483643309542718,0.3855181083799027,7.890147223414694
2026-07-11 20:00:00+00:00,67.10875796536358,23.045796593408948,0.0,5.385601586553062
2026-07-11 21:00:00+00:00,59.95392247567001,23.326300082483677,0.1362763114857336,7.879003626848003
2026-07-11 22:00:00+00:00,57.45271682949732,20.331574240417098,0.0,4.4879216913577595
2026-07-11 23:00:00+00:00,53.01004109980025,21.6278392453753,0.21923181238833,6.299697074281262
2026-07-12 00:00:00+00:00,45.05390571699204,18.771517280957937,0.1708454429790821,5.79989917447473
2026-07-12 01:00:00+00:00,46.79895922870064,19.32044610130279,0.0,3.503985098244713
2026-07-12 02:00:00+00:00,46.49182591226966,19.46999767832878,0.0,5.1841944827578015
2026-07-12 03:00:00+00:00,45.32450886585309,22.424099801763283,0.07311852848275384,4.780349693801682
2026-07-12 04:00:00+00:00,44.65755635326489,22.198704377052522,0.0,3.4613751301239213
2026-07-12 05:00:00+00:00,47.131600833241,22.80575796541314,0.0,5.0437976880727025
2026-07-12 06:00:00+00:00,50.24840994215875,25.12014827536219,0.25383088444435875,4.63540346532639
2026-07-12 07:00:00+00:00,51.42850099329271,23.56064725323443,4.124500745449218,4.218540886145007
2026-07-12 08:00:00+00:00,67.30301864510099,27.60502793367015,6.501262398095628,4.11558205431819
2026-07-12 09:00:00+00:00,71.11581483263534,31.51540282030721,5.758657630618698,3.9791650227401947
2026-07-12 10:00:00+00:00,67.52440339499981,30.534268968652157,12.273696624787172,3.486441430828146
2026-07-12 11:00:00+00:00,63.680218379128675,31.424801098411926,14.533767635563168,4.095767733020968
2026-07-12 12:00:00+00:00,67.13478617994724,32.614714924726925,15.85082260966233,2.900314225657654
2026-07-12 13:00:00+00:00,66.4136080077606,33.25029679656216,15.437774952970546,7.426405733014551
2026-07-12 14:00:00+00:00,62.17038544849683,29.58824049976926,6.3306538551814775,1.6424285960389204
2026-07-12 15:00:00+00:00,63.38940080631307,29.380990690861495,6.722189137990114,2.709282157882262
2026-07-12 16:00:00+00:00,72.07083910936419,30.712513094440098,8.01066716655532,2.7363261349818817
2026-07-12 17:00:00+00:00,73.30491301741995,28.373471076374305,3.218846036124146,6.221772164004098
2026-07-12 18:00:00+00:00,77.8339436094177,29.372373858554262,0.0,1.4420903748261669
2026-07-12 19:00:00+00:00,71.20379097483382,25.880431514237408,0.0,3.8164538295556616
2026-07-12 20:00:00+00:00,68.2668454843032,22.39780528708466,0.0,3.5026764415852414
2026-07-12 21:00:00+00:00,60.54724635812383,21.763958519160283,0.0,3.5617873382185947
2026-07-12 22:00:00+00:00,55.99425947226101,18.75664418598439,0.0,4.770666074440907
2026-07-12 23:00:00+00:00,52.797649514959105,20.835014990534887,0.0,4.692361096832208
2026-07-13 00:00:00+00:00,47.94344264316681,20.303624185979803,0.2398662577612559,2.314783504577991
2026-07-13 01:00:00+00:00,53.45298548865549,19.82890596097944,0.7195375417431101,3.1793000934422535
2026-07-13 02:00:00+00:00,49.87042389240234,21.850280304332596,0.3663554713846781,0.26522033715105575
2026-07-13 03:00:00+00:00,50.92827853330287,22.6060681012384,0.48108227157312244,2.9868054903163244
2026-07-13 04:00:00+00:00,52.170295464179034,21.92960235624089,0.7230520549715691,1.7155004517260146
2026-07-13 05:00:00+00:00,54.12909603660947,20.82768433994577,0.28485394076134873,2.5511164338450767
2026-07-13 06:00:00+00:00,59.12406569254144,25.589642154575284,0.0,0.44349441279656476
2026-07-13 07:00:00+00:00,64.83093036061526,27.080645836583386,4.740762996171968,3.3668212014067054
2026-07-13 08:00:00+00:00,70.0332111011572,28.35068505311182,7.417820820640168,0.4278188497340851
2026-07-13 09:00:00+00:00,75.0010945846959,30.616455299847043,5.810329506946486,3.0196502796980185
2026-07-13 10:00:00+00:00,70.36501152607931,29.295595713390608,7.721449974448336,1.109977820459124
2026-07-13 11:00:00+00:00,79.65783392579756,34.06936628936714,16.965934796655908,1.6585778291953874
2026-07-13 12:00:00+00:00,64.95306369755491,31.118796327584416,11.343763248380471,4.491588125727271
2026-07-13 13:00:00+00:00,72.51566175450728,33.38535716359581,11.76302997078722,3.730760788429731
2026-07-13 14:00:00+00:00,66.61492591085441,30.26864916601639,11.6835210945023,4.555007454444919
2026-07-13 15:00:00+00:00,72.81599221519976,30.589253958428113,8.063037963116395,5.173817978688069
2026-07-13 16:00:00+00:00,77.81729627687837,32.583094994389754,5.690252964398489,1.9578114567899243
2026-07-13 17:00:00+00:00,78.00602947159385,29.21900909863694,4.191078397302097,5.193304439091453
2026-07-13 18:00:00+00:00,83.3679392146964,29.10407056354992,0.6027702822401447,1.1032168318695943
2026-07-13 19:00:00+00:00,82.6906539176342,26.838638389377035,0.0,4.264703080737978
2026-07-13 20:00:00+00:00,75.83110917840709,24.886352255889495,0.2413177497278879,2.5996060843546926
2026-07-13 21:00:00+00:00,69.47786185522622,25.212641897132666,0.0,2.0626611842546674
2026-07-13 22:00:00+00:00,63.53860676273529,22.060075403880905,0.0,4.304622895615825
2026-07-13 23:00:00+00:00,61.85154454880619,19.264232868311787,0.0,4.85084480124741
2026-07-14 00:00:00+00:00,48.85010609807716,19.848270653157975,0.6623684828136257,4.896870880995508
2026-07-14 01:00:00+00:00,51.481038377322484,21.279464063191927,0.23037100505923175,4.007676289409268
2026-07-14 02:00:00+00:00,51.55540547005992,21.307287006613237,1.008904685802946,3.9865343448278896
2026-07-14 03:00:00+00:00,51.055415526217004,19.561681765588823,0.08861507263405577,4.637613219979838
2026-07-14 04:00:00+00:00,58.26313240653798,21.536400666834904,1.2239013767964537,4.426490606297054
2026-07-14 05:00:00+00:00,52.98499572726548,22.960009526067388,0.08876061275852562,4.863077560653615
2026-07-14 06:00:00+00:00,58.71657080914047,24.67629386058214,0.011240148076868182,4.497189756555328
2026-07-14 07:00:00+00:00,59.44622401269519,25.026244829568988,2.338535618913248,5.500059966683999
2026-07-14 08:00:00+00:00,69.6800282443123,27.485651832497524,6.180974840219852,2.152507171603876
2026-07-14 09:00:00+00:00,73.19064480700582,28.821763610001415,11.438853545958782,4.3588114150799635
2026-07-14 10:00:00+00:00,74.83492114699148,31.87376092754177,13.083945708607027,2.7184590855276625
2026-07-14 11:00:00+00:00,74.74345995669943,32.88143259729915,15.627115728867325,5.157420205458008
2026-07-14 12:00:00+00:00,69.09451463843612,32.34384072891088,15.529079424268671,7.1835631424606925
2026-07-14 13:00:00+00:00,67.70294228154872,32.261603052523995,14.27222204177884,4.3362813052742215
2026-07-14 14:00:00+00:00,74.33472227704883,32.70417552406114,13.931978762304265,5.293291946150602
2026-07-14 15:00:00+00:00,70.62243616088543,30.965501708038733,12.044649732460865,6.2890440200791105
2026-07-14 16:00:00+00:00,69.24975190753221,29.624076413842285,8.466262169560922,2.4493437186153684
2026-07-14 17:00:00+00:00,81.90902204325495,28.637629735006993,3.9405687731044923,4.726451044797218
2026-07-14 18:00:00+00:00,78.32125734345964,27.565160140205823,0.7767823342471172,6.0797238222075025
2026-07-14 19:00:00+00:00,77.06700295182627,25.385844488626006,0.18407327759920347,1.624044771704682
2026-07-14 20:00:00+00:00,79.52043917481605,25.431425923464374,0.9874455426786792,4.420877598694698
2026-07-14 21:00:00+00:00,70.18029697485449,24.673246901138782,0.4485972090165307,7.4360217775005495
2026-07-14 22:00:00+00:00,64.00384686992126,20.658011920622545,0.0,7.402974760058016
2026-07-14 23:00:00+00:00,56.983810791024226,21.646617604825906,0.41435570306448744,6.624045518318127
2026-07-15 00:00:00+00:00,47.657955430393294,20.76044462969907,0.8529701393543866,7.433282572953482
2026-07-15 01:00:00+00:00,50.942698982534225,21.236901337929368,0.9991444916706672,6.594273483233503
2026-07-15 02:00:00+00:00,52.19439272014102,21.023038669311532,0.5934456722995404,7.162057730728884
2026-07-15 03:00:00+00:00,52.47852945462068,19.90053814828029,0.012837226828999612,6.030172141612619
2026-07-15 04:00:00+00:00,51.31070378969911,21.09025121927469,0.0,6.717772674701337
2026-07-15 05:00:00+00:00,53.830780950436214,23.889675999835543,0.28803475178069543,5.749600075068107
2026-07-15 06:00:00+00:00,56.950406564571594,26.542457969043532,0.8369872476355231,8.478597797060559
2026-07-15 07:00:00+00:00,60.068829575219716,24.2101360077428,3.286368153891361,8.91002056092796
2026-07-15 08:00:00+00:00,71.00138673405714,28.841130544873817,6.4792555690809,8.776953170455839
2026-07-15 09:00:00+00:00,81.35132004622535,31.306931647916986,6.316490847002631,6.333903621976753
2026-07-15 10:00:00+00:00,74.63208785934246,30.944292617856185,9.869251498924292,5.6249306981032765
2026-07-15 11:00:00+00:00,73.57949446924391,32.74743256913699,8.133923594301258,8.79756313186396
2026-07-15 12:00:00+00:00,69.79873126827675,31.848519371069447,16.154760218069416,7.815347021921814
2026-07-15 13:00:00+00:00,69.52149859187712,32.758873593458055,18.24571487132314,7.552342413982435
2026-07-15 14:00:00+00:00,69.56789908113336,30.757892637261083,11.010267572797673,6.2379518989127485
2026-07-15 15:00:00+00:00,69.50743952321214,29.295549964530053,6.135499533889879,7.747854059305842
2026-07-15 16:00:00+00:00,76.94229846693806,32.291599118326,8.045310626172911,5.653525065782591
2026-07-15 17:00:00+00:00,74.46491051889423,28.740529478607307,3.3825547695859375,8.075635468320849
2026-07-15 18:00:00+00:00,81.17403183701863,27.933541763028256,0.6833395893591435,9.127426355908757
2026-07-15 19:00:00+00:00,79.6746034231305,25.268120948653905,0.8122489229783779,9.483463761471134
2026-07-15 20:00:00+00:00,73.08015246689162,23.69141736644044,0.10168226234785521,8.188918652213804
2026-07-15 21:00:00+00:00,71.13857787271483,23.731986212438454,0.2871771416396178,5.253118000340635
2026-07-15 22:00:00+00:00,66.58767139220723,21.826606520713295,0.0,7.449176532633736
2026-07-15 23:00:00+00:00,60.01792120356461,22.206152904457475,0.26400933984726127,10.147479163295172
2026-07-16 00:00:00+00:00,49.70993021617664,21.700083159280965,0.1569825762496072,5.908980591216756
2026-07-16 01:00:00+00:00,51.87981303335071,21.34131477705714,0.029132193625743666,7.009470133775033
2026-07-16 02:00:00+00:00,53.99653369459938,21.45061540062138,0.06887684613856473,9.032811030815218
2026-07-16 03:00:00+00:00,52.78628123251225,23.660423790106957,0.22596114169682438,7.873787497716753
2026-07-16 04:00:00+00:00,53.71844507833105,21.44275660515476,0.0,10.432433207493562
2026-07-16 05:00:00+00:00,52.81008722133244,23.903693666580917,0.0,5.87923875180574
2026-07-16 06:00:00+00:00,61.25847335408505,26.778884717082843,0.8536810068357767,5.459417149442789
2026-07-16 07:00:00+00:00,67.04171800987092,28.49282445239592,5.243221099418461,8.493612997794125
2026-07-16 08:00:00+00:00,66.63898693599165,26.824829618125474,7.3741358539709285,5.035491035625192
2026-07-16 09:00:00+00:00,75.66443145066036,29.605709607496095,9.149022280168253,6.359443431705734
2026-07-16 10:00:00+00:00,72.28990330544464,32.85527572490762,14.962637159460492,6.463729755807004
2026-07-16 11:00:00+00:00,74.38897828378308,32.790939652228154,16.403892701275428,7.922472596729774
2026-07-16 12:00:00+00:00,72.15793652842326,33.01701430686332,15.933387109281092,7.244480015544995
2026-07-16 13:00:00+00:00,67.48021439948758,32.727822158614956,16.76007203736962,6.933018434891067
2026-07-16 14:00:00+00:00,72.67220132492206,32.32578624361947,14.350642429469698,5.634802647970732
2026-07-16 15:00:00+00:00,73.77884737737418,32.534404694598514,9.18542465893393,7.80100562671474
2026-07-16 16:00:00+00:00,76.3729759272131,30.93362640460416,4.496840684745854,11.634932759245178
2026-07-16 17:00:00+00:00,84.54820868106167,29.944033755266315,3.864262633148532,6.862615553258832
2026-07-16 18:00:00+00:00,84.61645611194133,28.643502314796905,0.0,5.927950579565236
2026-07-16 19:00:00+00:00,80.32238284101844,26.18357323531695,0.0,3.8628292282358774
2026-07-16 20:00:00+00:00,78.21003329039335,26.083737421206315,0.0,4.676927870181503
2026-07-16 21:00:00+00:00,76.03806252312457,27.495875232136694,0.0,5.158211392272862
2026-07-16 22:00:00+00:00,68.91762838031552,20.624289995640538,0.38205411184188715,4.595715486714523
2026-07-16 23:00:00+00:00,61.61638970878137,22.19235799663413,0.12267747428620819,5.207453650851235
2026-07-17 00:00:00+00:00,49.69043255286261,20.292140782051245,0.3055306000369715,7.604361611264711
2026-07-17 01:00:00+00:00,48.396228944980905,21.6928830930231,0.0,6.746033684316943
2026-07-17 02:00:00+00:00,52.950040053568074,21.260237856387366,0.0,4.662495093209966
2026-07-17 03:00:00+00:00,51.86222091669722,22.717768696457107,0.3316077201282477,3.078445458279002
2026-07-17 04:00:00+00:00,49.57554701255266,24.167281854642365,0.0,6.528158876974868
2026-07-17 05:00:00+00:00,55.23216150251203,24.22968699536001,0.6123146787999023,4.4739182973550315
2026-07-17 06:00:00+00:00,61.59064842875666,26.803644918645603,0.0,2.013497504931184
2026-07-17 07:00:00+00:00,60.3705297783605,24.184101596962737,3.779272756905145,5.3175647782653765
2026-07-17 08:00:00+00:00,75.07187650286481,30.457726624958088,6.644756175009021,5.647551868927186
2026-07-17 09:00:00+00:00,73.14916802871633,30.445202682790455,13.252373918943649,0.7089076183247118
2026-07-17 10:00:00+00:00,78.94937029264509,32.52988738147976,12.380125150341863,2.8468444015869263
2026-07-17 11:00:00+00:00,70.4129150545745,30.724690925080296,10.932553701502341,3.745364384169208
2026-07-17 12:00:00+00:00,68.6838821990147,31.789423496542362,18.347688573930323,4.830109398799024
2026-07-17 13:00:00+00:00,71.46465934775736,33.164169743710275,11.484577232945307,2.984827226482725
2026-07-17 14:00:00+00:00,74.80146309414854,32.76225320188263,14.398823016495893,2.4504964769268396
2026-07-17 15:00:00+00:00,75.48307449802743,32.52092703160126,6.440220230065057,4.545949615562912
2026-07-17 16:00:00+00:00,83.65624705223846,32.52694860298286,6.807494115801352,2.7887137587497874
2026-07-17 17:00:00+00:00,80.83416033570926,27.86227175911972,1.7862819836746753,4.123957894717912
2026-07-17 18:00:00+00:00,83.1466399081654,29.699528883399733,0.39027055474825145,1.7341569678302498
2026-07-17 19:00:00+00:00,74.43867998563495,26.98531497313979,0.0,1.3268963854441598
2026-07-17 20:00:00+00:00,77.77843033544374,25.17511869910988,0.6208186314493701,4.212301571118616
2026-07-17 21:00:00+00:00,68.79306508653097,22.20427722476255,0.0,3.4482719861183355
2026-07-17 22:00:00+00:00,62.70331737281432,23.327527530060863,0.0,4.3312236733162885
2026-07-17 23:00:00+00:00,58.67200942606356,18.87017252295145,0.7974684116703491,2.2445697918962466
2026-07-18 00:00:00+00:00,43.94355834242998,21.942367264993706,0.0,1.8329756382345186
2026-07-18 01:00:00+00:00,47.31325964545492,19.16576819890002,0.9538179852210131,4.812682106707936
2026-07-18 02:00:00+00:00,45.258453058503065,21.221186551646426,0.6106780646566711,0.7428209125717871
2026-07-18 03:00:00+00:00,47.74700539325402,21.609585102070334,0.0,4.6001202712385085
2026-07-18 04:00:00+00:00,46.83121072468436,24.10554493042873,0.0,4.675792241166035
2026-07-18 05:00:00+00:00,46.28553287392514,23.726205249735322,0.060518969831787166,4.016177150162303
2026-07-18 06:00:00+00:00,49.69376772304071,24.550414736766292,0.7631515999932197,1.8400844997253123
2026-07-18 07:00:00+00:00,57.95753729311054,26.32392841741269,4.0769304991997535,1.6568666285844968
2026-07-18 08:00:00+00:00,68.26137860313713,30.007634499537968,6.61426037249891,2.508936941342457
2026-07-18 09:00:00+00:00,70.73252223043936,30.56607975489371,8.620805059375598,0.9989962826258367
2026-07-18 10:00:00+00:00,66.59463882797482,30.697524179027877,11.444860044445907,1.4807140524356601
2026-07-18 11:00:00+00:00,65.85624258613686,31.825026230675288,17.808998331102003,3.750703286498293
2026-07-18 12:00:00+00:00,63.272659013090475,30.822376350528327,11.670146972784224,3.7840519420778675
2026-07-18 13:00:00+00:00,65.01994924086044,33.36828207361216,13.167540064973592,1.4382709070017259
2026-07-18 14:00:00+00:00,58.698790395067654,30.58042341891225,12.391187094630913,3.892693771126258
2026-07-18 15:00:00+00:00,67.25500454137531,32.98934533290781,12.451039484439775,3.626224621221997
2026-07-18 16:00:00+00:00,70.60355049304644,31.28226958029316,5.832452623635789,5.153626403193533
2026-07-18 17:00:00+00:00,80.73910606746732,32.743727401060525,4.062661790071458,3.89153513028877
2026-07-18 18:00:00+00:00,75.05787507640258,27.106095984642756,0.7492101378251638,4.636938225748194
2026-07-18 19:00:00+00:00,70.1939745716251,26.743966343745644,0.0,3.8880712396773998
2026-07-18 20:00:00+00:00,71.76020518240506,27.4658661064566,0.3522058342780492,4.662179638370725
2026-07-18 21:00:00+00:00,64.47698869185975,25.284035277483273,0.0,1.563117364754836
2026-07-18 22:00:00+00:00,59.39074100152295,21.76966391600741,0.28415565448293956,3.2739228414343153
2026-07-18 23:00:00+00:00,51.8505890359584,21.913618198246386,0.0,3.473336790491981
2026-07-19 00:00:00+00:00,43.79543604649108,21.040964418733946,0.0,3.274245213980962
2026-07-19 01:00:00+00:00,41.547201487714716,21.16543795615819,0.09047997871056586,4.328313727399962
2026-07-19 02:00:00+00:00,45.764298100648766,20.18595106083688,0.0,4.689925639260992
2026-07-19 03:00:00+00:00,44.58008727197082,21.509278668125788,0.0,4.449159907899595
2026-07-19 04:00:00+00:00,44.08471863169786,20.64486703124838,0.46112397058596866,3.7534994668631265
2026-07-19 05:00:00+00:00,46.459214796940955,23.959736234840033,0.12150878067409653,3.0751572734500816
2026-07-19 06:00:00+00:00,55.3098346889988,25.776979260695125,0.0,5.747651014819041
2026-07-19 07:00:00+00:00,54.61160622778684,26.509109753204076,4.175650125809154,4.809788555634475
2026-07-19 08:00:00+00:00,57.30470229773047,26.388874868269824,6.741601090813786,3.004538699015287
2026-07-19 09:00:00+00:00,71.31101828594095,30.95213342113961,11.3642934912168,4.271431721891416
2026-07-19 10:00:00+00:00,68.55429749399953,31.437704958034576,12.578367781123475,2.2152246281211925
2026-07-19 11:00:00+00:00,66.28279988134406,31.074173719744252,12.66586263807501,4.819556240897573
2026-07-19 12:00:00+00:00,65.35689484982767,32.199545813408534,12.799159350062368,4.6071289766274655
2026-07-19 13:00:00+00:00,61.38001316082541,30.931247524230677,9.346740033231402,4.19574626950252
2026-07-19 14:00:00+00:00,61.660929261703245,31.28832112528397,11.885607708411216,7.333579369459426
2026-07-19 15:00:00+00:00,67.66529832951983,31.26511340848229,11.038020488689073,3.6113468518298433
2026-07-19 16:00:00+00:00,75.25135885848489,32.42202599056365,9.303366588705861,6.333105955443788
2026-07-19 17:00:00+00:00,74.0001478874675,28.92869212324788,2.2130246808497587,8.518797145103688
2026-07-19 18:00:00+00:00,73.37433705701987,29.00795355343541,0.2726211022142292,7.07757696442889
2026-07-19 19:00:00+00:00,74.48306441928055,26.031361692456954,0.0,5.635683092688007
2026-07-19 20:00:00+00:00,68.2802776837211,25.412394446541462,0.0,4.200713393807014
2026-07-19 21:00:00+00:00,60.84116535161023,23.48840054253752,0.0,3.987933567548521
2026-07-19 22:00:00+00:00,57.11210850474774,23.453279610236038,0.20548555451500577,5.422606726486457
2026-07-19 23:00:00+00:00,54.70772579679803,20.80037806000908,0.0,5.138198972520528
2026-07-20 00:00:00+00:00,52.713128911461226,18.9456421789753,0.35228820852877574,5.190840204491661
2026-07-20 01:00:00+00:00,50.91868295205718,18.959695151113536,0.38166942376579993,5.836288717383674
2026-07-20 02:00:00+00:00,53.41532439169149,20.173905770768712,0.023488098149748872,6.241358930269693
2026-07-20 03:00:00+00:00,52.02668058153053,19.902246632574293,0.0,7.151384060692904
2026-07-20 04:00:00+00:00,51.260545139611835,22.83632041227865,0.0,4.822720211362994
2026-07-20 05:00:00+00:00,52.19363435473088,23.01709970938375,0.5129660657901137,5.679777301463999
2026-07-20 06:00:00+00:00,64.84358019257539,27.86182990312142,0.0,6.486180199253854
2026-07-20 07:00:00+00:00,59.488296336607696,24.469034408749387,3.823771330716186,6.506158116832311
2026-07-20 08:00:00+00:00,66.37024569052794,28.340523251842328,7.576994679691447,9.416068439858735
2026-07-20 09:00:00+00:00,72.40403258745742,28.178545258031154,7.097025273968709,7.230401118139152
2026-07-20 10:00:00+00:00,71.46798290202645,30.17137100986013,13.308700514128866,4.70118861647121
2026-07-20 11:00:00+00:00,77.21096734242529,31.87527495116083,9.7835481980198,7.5952539130351955
2026-07-20 12:00:00+00:00,61.745184365273815,29.50302074946327,18.306792758005688,7.8178061501354
2026-07-20 13:00:00+00:00,71.84908224022244,32.77048099110042,7.523756984269106,6.917145096306707
2026-07-20 14:00:00+00:00,75.02809996239012,34.55359858608366,9.34269220250417,5.4262814736630665
2026-07-20 15:00:00+00:00,69.92874870345217,31.114733867902665,10.928492684000224,9.613201295053216
2026-07-20 16:00:00+00:00,75.95473088394938,31.00515885731047,8.678122193083844,5.675076870295542
2026-07-20 17:00:00+00:00,85.64221346201411,30.668585632427778,4.325342742872115,8.11302925879251
2026-07-20 18:00:00+00:00,80.86433735431196,27.782670968891097,0.0,7.47705571714957
2026-07-20 19:00:00+00:00,76.01826438056219,25.717061336135316,0.1733403743718545,8.041134768641678
2026-07-20 20:00:00+00:00,68.6433448687851,22.11802057351847,0.8097175790366461,9.586586070294324
2026-07-20 21:00:00+00:00,65.58374433624809,24.158505604191962,0.7199715695503308,7.974242590807653
2026-07-20 22:00:00+00:00,63.228861099144446,21.998266372593548,0.19490336026926125,6.390784431448358
2026-07-20 23:00:00+00:00,58.20016047940393,19.95262367575257,0.0,8.700313906793514
2026-07-21 00:00:00+00:00,51.010555439756196,20.707541509830143,0.0,6.241497587774191
2026-07-21 01:00:00+00:00,46.431627846702014,19.637844784550296,0.0,7.321305551802718
2026-07-21 02:00:00+00:00,51.40586910426775,19.895573781358433,0.27190362395895307,5.243559887071737
2026-07-21 03:00:00+00:00,54.107047030955464,21.843515022604834,0.0,5.5632062885422755
2026-07-21 04:00:00+00:00,55.846410125938185,20.45019651595247,0.3787119090251905,7.032155691825084
2026-07-21 05:00:00+00:00,50.42932302405697,24.54235356266159,1.066580259001662,7.420577280338978
2026-07-21 06:00:00+00:00,54.61629580400215,23.042018774198315,0.0,4.46172837771249
2026-07-21 07:00:00+00:00,59.80798339434589,25.46339909207336,3.2330841456084873,7.476039702825821
2026-07-21 08:00:00+00:00,73.42002551931445,30.105478976770257,8.327627626841792,5.562520547967717
2026-07-21 09:00:00+00:00,72.3044887466237,30.584148664622226,8.584855731450366,8.426481837989908
2026-07-21 10:00:00+00:00,77.11243383165066,30.577288336131254,12.286657430504725,6.062884718256111
2026-07-21 11:00:00+00:00,70.60520504996687,30.271146210409267,10.929603995807753,4.899016156619492
2026-07-21 12:00:00+00:00,69.41838487275234,31.350073763197223,12.433101888928412,6.490631241452615
2026-07-21 13:00:00+00:00,73.87527389405119,32.26350088208778,13.156629083980228,5.010398553533232
2026-07-21 14:00:00+00:00,71.09956905177144,32.00198874796381,10.043145308347555,7.974729075039428
2026-07-21 15:00:00+00:00,74.22270362868328,31.23426017985757,6.776778562702934,6.100742290546372
2026-07-21 16:00:00+00:00,74.77832994597058,30.338454144067928,4.5296026962815095,5.786431827096393
2026-07-21 17:00:00+00:00,75.81351356185684,28.861135675295355,1.0732409667232683,6.723342041270176
2026-07-21 18:00:00+00:00,75.56221642115808,25.926413758471227,0.9946797792908071,4.381483074119269
2026-07-21 19:00:00+00:00,82.4406668654637,25.469465179437055,0.0,3.875022270164968
2026-07-21 20:00:00+00:00,77.66082333251742,25.619233810862738,0.322257044341098,6.141094110443856
2026-07-21 21:00:00+00:00,70.11181232297012,21.41783737140507,0.0,3.917866728586771
2026-07-21 22:00:00+00:00,62.50307258853542,21.57488982846548,0.0,3.804141607839255
2026-07-21 23:00:00+00:00,61.78293723418507,19.850219012588465,0.0,6.401421062898082
2026-07-22 00:00:00+00:00,48.448735960382564,20.353142283464734,0.5505962666895993,5.850228857712009
2026-07-22 01:00:00+00:00,48.30904137125859,19.53364018271982,0.0,3.244638640565924
2026-07-22 02:00:00+00:00,50.524998751417044,21.962164560442126,0.0,4.018070436147636
2026-07-22 03:00:00+00:00,56.29660119683826,21.381366602814353,0.07773212218457175,3.5048132024863436
2026-07-22 04:00:00+00:00,56.465939962373184,20.13751303446728,0.24951130035887206,7.142691194168318
2026-07-22 05:00:00+00:00,52.69256976554695,23.74441673950822,0.8214240844265915,5.811008878799779
2026-07-22 06:00:00+00:00,54.91390953614684,23.441000728340466,0.17687523918624742,3.8414153163670823
2026-07-22 07:00:00+00:00,57.881454282125496,25.215585353826057,2.6183952715409284,5.126835177456031
2026-07-22 08:00:00+00:00,69.44008912840104,27.821892720963287,5.682136463891051,2.3129298506971594
2026-07-22 09:00:00+00:00,71.46162324976736,28.286645389902,6.967227932959908,3.1634747735679736
2026-07-22 10:00:00+00:00,77.36286107860317,31.175089860323418,7.477817614368604,4.148029472891646
2026-07-22 11:00:00+00:00,71.15922462225753,30.111976872371958,16.844716728400407,4.533123048804272
2026-07-22 12:00:00+00:00,67.66311597338421,30.882205579937256,17.333927122154176,3.6653513472481256
2026-07-22 13:00:00+00:00,69.31924111371804,31.02582821389387,12.470424248315911,4.0540913599564945
2026-07-22 14:00:00+00:00,68.01797215033811,30.914286597558856,8.599016950889709,3.725166183624715
2026-07-22 15:00:00+00:00,77.22058451224979,32.296644546342556,4.84267282653206,3.2989043031792837
2026-07-22 16:00:00+00:00,76.23918221545469,30.76256310418183,5.328185618293061,3.029761252322348
2026-07-22 17:00:00+00:00,83.43770606765331,30.80114593164631,4.396262097156141,2.7683105622008277
2026-07-22 18:00:00+00:00,86.1394286410903,30.00708976874283,0.0,3.61499139687471
2026-07-22 19:00:00+00:00,75.62322283758205,24.479875460771794,1.0259063779694788,3.7953044372543654
2026-07-22 20:00:00+00:00,75.51638748393992,24.232003444696556,0.0,3.4326275847664363
2026-07-22 21:00:00+00:00,66.25081040328541,21.27259990667922,0.0,1.4447082416727606
2026-07-22 22:00:00+00:00,62.48130676306912,20.491845918050338,0.0,1.6412866551851288
2026-07-22 23:00:00+00:00,59.37968586567985,19.69888487390088,0.18106248797134875,3.548634521513579
2026-07-23 00:00:00+00:00,48.42709009300106,18.570468506109847,0.0,5.006465682645397
2026-07-23 01:00:00+00:00,50.87135013495812,18.3557692612718,0.0,3.121057310332915
2026-07-23 02:00:00+00:00,51.067919215102165,19.63271538704983,0.0,2.2986274046962576
2026-07-23 03:00:00+00:00,54.84946825045509,18.928528884675156,0.3886775313689315,3.1621519160055165
2026-07-23 04:00:00+00:00,53.05759954437388,22.33594235325372,0.35573182578377355,1.2355356591718964
2026-07-23 05:00:00+00:00,56.02812429039509,21.449970466732985,0.9060169455393927,4.644572249340849
2026-07-23 06:00:00+00:00,63.86093327117271,27.353045245657064,0.0,3.0642468258511784
2026-07-23 07:00:00+00:00,60.05065765352214,24.97597674904777,2.857472680673279,1.8627599015052323
2026-07-23 08:00:00+00:00,67.83347155718846,27.140095449024468,7.5988402783803055,2.569501371009913
2026-07-23 09:00:00+00:00,69.435032539464,26.929434369840095,10.565119288058987,2.074201105300735
2026-07-23 10:00:00+00:00,78.02251540274723,31.75684152458426,14.983798901539192,4.66342361823426
2026-07-23 11:00:00+00:00,73.10280628201022,31.989455348357858,15.03466859562021,2.564939153159749
2026-07-23 12:00:00+00:00,66.30349664978668,31.584733230493956,15.224535548478812,3.0924752267258735
2026-07-23 13:00:00+00:00,60.93048624018738,29.799660323100042,17.811805879778518,3.710892703462468
2026-07-23 14:00:00+00:00,69.24998163064782,31.44709107983835,13.055608954387655,1.9090498164358
2026-07-23 15:00:00+00:00,63.736260691001,29.23205315823902,10.58303423605959,3.261393245775495
2026-07-23 16:00:00+00:00,81.81457485056455,31.361938054271615,8.9779574314461,3.4239954439374745
2026-07-23 17:00:00+00:00,81.07152841794937,29.318330033557665,3.5681086053518998,0.9190337622453786
2026-07-23 18:00:00+00:00,77.89765474909174,26.99753632852177,0.0,3.50869983480871
2026-07-23 19:00:00+00:00,72.30667907798843,22.389218134183675,0.0,3.1560957214547187
2026-07-23 20:00:00+00:00,75.40627865086677,22.56260537725326,0.8711569230981167,3.472231693757067
2026-07-23 21:00:00+00:00,67.07039926956917,23.10365955983998,0.15370538324701177,3.414962982836503
2026-07-23 22:00:00+00:00,62.395035197091005,22.47387212738861,0.08730592375060246,3.8072029035196975
2026-07-23 23:00:00+00:00,58.17320263443717,21.37859003789422,0.0,5.400193181957132
2026-07-24 00:00:00+00:00,51.876506256506396,17.520435867111658,1.2229893057190142,1.9641847627711917
2026-07-24 01:00:00+00:00,53.00621133991273,19.570919694710796,0.6525052444232123,3.22785917525597
2026-07-24 02:00:00+00:00,54.32107015388175,20.614754807085554,0.0,4.735060203514898
2026-07-24 03:00:00+00:00,54.22417118921243,17.988156384089994,0.0,4.573296214819049
2026-07-24 04:00:00+00:00,52.53705104700377,20.904792085888523,0.0,4.644388675251903
2026-07-24 05:00:00+00:00,55.89323291844334,22.468123825458395,0.07293598914129973,7.960187487175913
2026-07-24 06:00:00+00:00,54.8543885742162,23.208265306638506,0.0,5.0713802447637155
2026-07-24 07:00:00+00:00,54.76485496868363,22.88207768600445,3.8749988006011975,5.903475527132154
2026-07-24 08:00:00+00:00,64.72427408743809,26.249315313257323,4.5014858096078125,4.000697218380932
2026-07-24 09:00:00+00:00,68.01175805132918,27.677032477098976,7.53008800182821,3.1525169567447087
2026-07-24 10:00:00+00:00,68.87679969591814,29.117307698277724,14.35381826522878,4.215799775984395
2026-07-24 11:00:00+00:00,66.82092833350508,29.554891525071113,11.351672143690545,5.766781620691934
2026-07-24 12:00:00+00:00,66.85387184505966,30.2813934448414,11.136046692473206,5.45441989302636
2026-07-24 13:00:00+00:00,68.12744406891494,30.952352461183626,18.385897810576196,5.564551918838408
2026-07-24 14:00:00+00:00,72.68702056655279,31.309047412701318,16.089311878127315,4.81505696221849
2026-07-24 15:00:00+00:00,65.91578471157555,29.795935494404066,11.58437898242195,4.70663895285065
2026-07-24 16:00:00+00:00,70.08133753685347,28.698708076461937,6.150527072100658,5.092355681077913
2026-07-24 17:00:00+00:00,75.06836098026709,28.041025852500344,3.2898485512599756,6.471671350030379
2026-07-24 18:00:00+00:00,75.04781677581467,24.16057638481024,0.0,6.746420298664127
2026-07-24 19:00:00+00:00,77.07300300158407,25.467770240185864,0.39087011402390864,4.271099078085147
2026-07-24 20:00:00+00:00,71.39331309034048,23.324312933767608,0.24552730240439272,6.855689072203716
2026-07-24 21:00:00+00:00,70.88363300240698,21.908119284428828,0.6429986823391418,4.983810891708022
2026-07-24 22:00:00+00:00,66.52706240856197,21.753322290538385,0.0,6.6552694120044755
2026-07-24 23:00:00+00:00,59.78252740947627,17.286157455740152,0.0,5.8312479605525285
2026-07-25 00:00:00+00:00,42.52057561668094,16.644152893394388,0.08502276428031787,8.39030984596761
2026-07-25 01:00:00+00:00,45.07385507196974,19.11950768785292,0.44594878775354774,5.707823074469824
2026-07-25 02:00:00+00:00,44.032041083047844,18.969498388575552,0.0,6.634561437562339
2026-07-25 03:00:00+00:00,44.108918419984924,19.7643212223134,0.3680280668691873,7.321317754572653
2026-07-25 04:00:00+00:00,44.35305209750838,19.94175443823368,0.0,5.332092528438372
2026-07-25 05:00:00+00:00,48.81035769823131,22.518878207167788,0.0,6.532918738452535
2026-07-25 06:00:00+00:00,50.320381497755605,24.270633518714998,0.0,6.336502276732926
2026-07-25 07:00:00+00:00,56.51590273097516,25.267909822661373,4.1897611134166866,6.060498510856515
2026-07-25 08:00:00+00:00,60.473714336382244,25.909824908808268,8.999727774335192,6.229463047403399
2026-07-25 09:00:00+00:00,57.54608657447827,25.123476379528856,11.515228863535485,8.462076325717272
2026-07-25 10:00:00+00:00,63.86049584781303,29.801253085779546,11.619379623197547,6.122243324549945
2026-07-25 11:00:00+00:00,67.13586533579601,31.280608831414654,13.423675320706463,7.802771042553966
2026-07-25 12:00:00+00:00,63.78620270966703,31.170289183280797,9.587006826419158,7.494309941137438
2026-07-25 13:00:00+00:00,63.91413431679235,29.528605705523475,11.516050357127114,5.136552173764089
2026-07-25 14:00:00+00:00,63.139321488267164,31.171229002259512,10.188076437458012,7.8518740316329705
2026-07-25 15:00:00+00:00,66.98306278178252,30.778885963572638,7.095431289770659,5.173006227953599
2026-07-25 16:00:00+00:00,69.98792692409351,30.646329456766377,7.393922267593697,8.052242908740524
2026-07-25 17:00:00+00:00,66.38153599389354,26.464824299727113,3.6070155866347147,6.477879869427014
2026-07-25 18:00:00+00:00,68.88068737886398,25.78040876105328,0.6435461299734572,7.208699131019094
2026-07-25 19:00:00+00:00,70.97486399746538,25.379088371167104,0.0,5.388008070523126
2026-07-25 20:00:00+00:00,67.13612445700748,22.98150106295415,0.0,7.368320229506804
2026-07-25 21:00:00+00:00,64.68206409843296,20.107932165904476,0.0,8.485678754969069
2026-07-25 22:00:00+00:00,58.15144358383208,20.686868165504915,0.0,6.043162750077636
2026-07-25 23:00:00+00:00,51.609077399085564,19.91349812842609,0.8817461552798713,6.301890801012751
2026-07-26 00:00:00+00:00,43.47434741133576,18.708588918854254,1.0468894254113588,7.761506250830441
2026-07-26 01:00:00+00:00,41.484572178301704,18.645467923866036,0.0,7.763789988955053
2026-07-26 02:00:00+00:00,48.43898443886581,18.259388647432534,0.0,3.6460259205219288
2026-07-26 03:00:00+00:00,43.314006565680565,20.926645991238324,0.0,9.831368916109618
2026-07-26 04:00:00+00:00,47.33030345788728,19.008914973957964,0.49416887060575987,7.70018923018208
2026-07-26 05:00:00+00:00,47.25017115905524,20.611174798032124,0.14329677364696336,7.88094201575991
2026-07-26 06:00:00+00:00,49.87297868245974,22.759853583098977,0.0,6.644118624153133
2026-07-26 07:00:00+00:00,54.321708099961526,25.338008934150466,3.8993059525937284,4.1823424756517396
2026-07-26 08:00:00+00:00,51.95604662886418,24.02306401305309,8.761290689296144,7.654332000955679
2026-07-26 09:00:00+00:00,55.36136642156436,25.678430713449657,13.535045108545305,5.843655376527044
2026-07-26 10:00:00+00:00,61.152235131471,26.03199961310745,11.569577411212244,7.317139290467088
2026-07-26 11:00:00+00:00,61.66949706554234,29.45392443603201,12.901211757380839,6.165765835621663
2026-07-26 12:00:00+00:00,59.435611389157756,28.656089839236063,14.228358632116096,6.717759991072578
2026-07-26 13:00:00+00:00,61.73060770481222,29.7250665818269,10.905539705156107,5.208132621070493
2026-07-26 14:00:00+00:00,59.63459315830702,30.759822300291983,16.47311652582716,7.408350396783571
2026-07-26 15:00:00+00:00,61.26486531791185,28.581064634285823,11.419279929564334,4.436269344759278
2026-07-26 16:00:00+00:00,65.54520697898037,28.659156920794732,6.51191864263067,9.142576294901874
2026-07-26 17:00:00+00:00,64.36782546619628,26.76405221711978,4.053167760021259,9.027948703748567
2026-07-26 18:00:00+00:00,70.46186608506768,26.46705582251123,0.0,8.07418890865278
2026-07-26 19:00:00+00:00,69.86601152587812,24.66217268133852,0.8555507801814352,7.465507967709218
2026-07-26 20:00:00+00:00,65.02307127913296,21.693268067505272,0.12213914113795425,5.451034197698452
2026-07-26 21:00:00+00:00,61.53936430116704,20.858674770347683,0.0,7.0905711078451805
2026-07-26 22:00:00+00:00,57.15418338076275,21.055533869626096,0.017078971770394503,5.209508725501931
2026-07-26 23:00:00+00:00,57.69126064113105,19.30628058110561,0.0,3.0550380600453946
2026-07-27 00:00:00+00:00,47.39030945219404,16.543243452757302,0.0,7.219621083377441
2026-07-27 01:00:00+00:00,52.59004363449339,18.78674167340566,0.018221862913154786,6.580354248091523
2026-07-27 02:00:00+00:00,51.05526041188909,16.887835569420698,0.4228376842266612,4.840986145547914
2026-07-27 03:00:00+00:00,50.63727487636604,20.468787111426472,0.0,3.0547794205475665
2026-07-27 04:00:00+00:00,51.988760366587634,20.941280791258052,0.0,3.8351632297009277
2026-07-27 05:00:00+00:00,55.51594483625708,21.28802404263567,0.5048428692594109,1.9929904613583989
2026-07-27 06:00:00+00:00,57.86995314783535,22.56116592481466,0.0,5.75371129443965
2026-07-27 07:00:00+00:00,59.6062002456292,23.659883222737044,3.2085169211376683,2.075530058765275
2026-07-27 08:00:00+00:00,67.93935239458365,26.26326904167104,8.081218491738806,4.613153729205682
2026-07-27 09:00:00+00:00,69.59832540711616,26.436680389704037,10.397948283630834,2.9240086983417144
2026-07-27 10:00:00+00:00,71.10715204562162,28.392512058037493,12.594996575998008,2.003836077573725
2026-07-27 11:00:00+00:00,69.24077624578555,30.09532078982788,9.644218745076536,4.233697130590008
2026-07-27 12:00:00+00:00,66.15242717484773,28.959981194081827,12.971759139118483,3.334474983530117
2026-07-27 13:00:00+00:00,64.83860290648153,29.08499820742622,14.736305655689975,4.88033719255208
2026-07-27 14:00:00+00:00,61.511095270647566,28.172670807362376,13.717945440611444,1.8408477634701614
2026-07-27 15:00:00+00:00,62.91434425745456,27.71515508105113,8.039899244121305,2.4676721623471893
2026-07-27 16:00:00+00:00,62.937029466410664,25.831043455372043,7.212437159582326,0.10166598950234107
2026-07-27 17:00:00+00:00,76.34053279344488,27.644471596167318,5.082946036326797,0.3069960286906448
2026-07-27 18:00:00+00:00,80.68010337375391,27.478582447839216,0.2770807425410883,5.807748258764595
2026-07-27 19:00:00+00:00,74.81300385948906,25.451753950064692,0.0,6.137200154114655
2026-07-27 20:00:00+00:00,75.6051923096644,20.223627902477524,0.06834960166360622,3.2847414378335946
2026-07-27 21:00:00+00:00,69.8666944956434,21.584250386494364,0.7452208070502621,1.9413838394051202
2026-07-27 22:00:00+00:00,67.71446455629582,21.164990836128617,0.0,2.6219571510994486
2026-07-27 23:00:00+00:00,60.75535675064725,17.943557542425953,0.0725833901985063,4.213203876667188
2026-07-28 00:00:00+00:00,49.47877466764344,18.000941862614177,0.0,2.2259784339552975
2026-07-28 01:00:00+00:00,52.765126274802704,15.252267126316681,0.0,3.240363078009037
2026-07-28 02:00:00+00:00,53.32167120844788,18.173348028606238,0.0,2.857104711490296
2026-07-28 03:00:00+00:00,50.795218479654125,17.163579181846714,0.7053814271561022,2.051737540269626
2026-07-28 04:00:00+00:00,49.5670621221216,19.620212182987025,0.0,2.09041580630208
2026-07-28 05:00:00+00:00,54.16851683331567,18.737239752455345,0.5130359850767664,3.22270105054951
2026-07-28 06:00:00+00:00,54.419610216241885,22.696697070158287,0.0,1.4353716325975199
2026-07-28 07:00:00+00:00,63.0302574500349,24.81520164813893,4.066905805813104,3.4324210838729226
2026-07-28 08:00:00+00:00,60.79458611249259,24.18659753824856,7.46583861416653,2.1428044800310837
2026-07-28 09:00:00+00:00,67.94696926116612,25.19701330163018,11.33907731806346,2.9903660566973183
2026-07-28 10:00:00+00:00,58.37466056208375,25.204664294034732,10.743641250660874,4.764633243326678
2026-07-28 11:00:00+00:00,66.4095837720646,28.413748778578082,15.732604467889592,2.612606415067895
2026-07-28 12:00:00+00:00,67.08383565629582,28.623087562976238,15.113089774135839,4.162689258432828
2026-07-28 13:00:00+00:00,58.99965170302334,27.652487054227546,16.267075400884632,0.3988296659133046
2026-07-28 14:00:00+00:00,66.23650377391,29.84126602373101,13.830099100537224,2.2876148426093206
2026-07-28 15:00:00+00:00,65.63478555940235,28.14676880402351,11.728620284608974,3.0289640626927707
2026-07-28 16:00:00+00:00,66.75793311728616,26.430945605544945,6.513857132390718,5.7324485976746296
2026-07-28 17:00:00+00:00,73.12762737152771,25.802424226993505,4.58179716110815,0.35081119511039294
2026-07-28 18:00:00+00:00,75.08066060312964,26.295230550555228,0.0,3.0202309438701596
2026-07-28 19:00:00+00:00,74.6721170117282,24.169232409592322,0.010254282008167168,5.25952700365789
2026-07-28 20:00:00+00:00,74.47060519703103,21.72583814188186,0.37936401032716716,2.1912503174210407
2026-07-28 21:00:00+00:00,69.10054249270678,21.16690451494438,0.011932210594791007,3.0671070493537815
2026-07-28 22:00:00+00:00,62.44227216276391,17.777558284634164,0.0,3.9087996604673485
2026-07-28 23:00:00+00:00,62.253809062677966,18.245420678071216,0.0,3.7862246412224145
2026-07-29 00:00:00+00:00,53.064302559804766,17.773518117614927,0.44690917677879194,5.807573805326511
2026-07-29 01:00:00+00:00,49.37874601261215,16.81816220105163,0.0,4.334735779059071
2026-07-29 02:00:00+00:00,48.77610531946394,18.098764008701853,0.0,5.660676176686847
2026-07-29 03:00:00+00:00,49.92425944408713,17.229023343142046,0.005143363668737679,3.395988299766111
2026-07-29 04:00:00+00:00,53.79152945119608,19.720891784968032,0.43229259776382817,2.964485324822555
2026-07-29 05:00:00+00:00,54.60115507771606,21.004155380727465,0.0,3.789166915005766
2026-07-29 06:00:00+00:00,58.10462549899857,18.278722228414058,0.904149547246861,2.5888461802856995
2026-07-29 07:00:00+00:00,59.86881019327188,24.751025708321297,2.5360136192920737,4.997078987069236
2026-07-29 08:00:00+00:00,59.485061689172575,21.20897230056605,5.565269615445887,3.890368742917114
2026-07-29 09:00:00+00:00,68.20729061664407,25.564644977019803,3.857654731647572,3.6020898202324534
2026-07-29 10:00:00+00:00,69.0159321130597,28.76777799952041,10.151261152771704,5.353965950380869
2026-07-29 11:00:00+00:00,66.56055434183969,28.10107375099948,11.805029238449448,3.16883529164718
2026-07-29 12:00:00+00:00,58.30317388152306,27.312873457887907,12.122340503807463,5.963563995663611
2026-07-29 13:00:00+00:00,59.75694929516993,27.955464718371122,17.596100169587775,4.330327656112086
2026-07-29 14:00:00+00:00,69.2122369912791,30.287130461439354,14.557259544258608,6.737874125466342
2026-07-29 15:00:00+00:00,61.137906795026886,26.141107571769474,9.863828890368113,4.680130009667405
2026-07-29 16:00:00+00:00,74.73869715447451,28.83979578294977,7.03287422606872,6.22882935626961
2026-07-29 17:00:00+00:00,67.63982545358428,26.1679822954314,5.269943632864438,5.7087930430811324
2026-07-29 18:00:00+00:00,71.70923026523604,23.348018207727765,0.6276912304538819,6.610864522425807
2026-07-29 19:00:00+00:00,74.15671017866174,22.518248864860038,0.0,5.833763036631558
2026-07-29 20:00:00+00:00,77.13581983979331,20.436547796858854,0.0,3.459653111719101
2026-07-29 21:00:00+00:00,66.50151991167618,21.241882148431902,0.9068680351573595,7.307131569705714
2026-07-29 22:00:00+00:00,65.93982621263473,19.831102115896403,0.12056984600001103,5.8760230079859435
2026-07-29 23:00:00+00:00,62.03912327513606,15.928238642568814,0.0,7.205322508296736
2026-07-30 00:00:00+00:00,49.77769418446486,16.900211958289304,0.3591739806654186,7.164550944649444
2026-07-30 01:00:00+00:00,50.68688604991275,16.137086289901667,0.5036495336790562,5.210512481627562
2026-07-30 02:00:00+00:00,51.97927605558953,18.922536855646587,0.0,5.103791293064239
2026-07-30 03:00:00+00:00,48.4209147465344,16.342718928636785,0.10971997930996574,7.389584476018071
2026-07-30 04:00:00+00:00,51.33179560618812,20.83467517348016,0.46328003460852923,6.131086277435675
2026-07-30 05:00:00+00:00,56.46980097469676,20.105678603446098,0.0,7.945919607303364
2026-07-30 06:00:00+00:00,57.3682084536629,20.19192930576472,0.006172728713069908,6.460239795197095
2026-07-30 07:00:00+00:00,58.31903043578166,22.320110126194464,3.4424770447208317,8.212611076052472
2026-07-30 08:00:00+00:00,61.37517370399758,23.71762728319619,6.1723578429961306,7.4377015273726865
2026-07-30 09:00:00+00:00,63.945252793101474,24.591072676009578,10.940522878493534,7.308420879525559
2026-07-30 10:00:00+00:00,68.76228611091476,27.47114993661138,12.877196226960047,6.436598674978021
2026-07-30 11:00:00+00:00,62.20495259776816,26.831616610677784,10.965371162489143,7.335198666499848
2026-07-30 12:00:00+00:00,61.80813846313609,26.282468196836184,17.675790937515796,8.723870739227634
2026-07-30 13:00:00+00:00,65.98491282911377,28.642275202391886,12.486760209862268,7.016422693720682
2026-07-30 14:00:00+00:00,61.409301476770274,26.7246936205365,13.762215990517946,7.868681038993355
2026-07-30 15:00:00+00:00,64.08324394365764,27.38094986909954,4.601072681181245,7.216828828363956
2026-07-30 16:00:00+00:00,64.94547018848957,26.23407775105887,9.565693380979154,7.347360009152893
2026-07-30 17:00:00+00:00,69.5834005817647,25.032017321692386,4.619140791351373,9.600723229523819
2026-07-30 18:00:00+00:00,79.05869432516343,27.026809086106066,0.0,8.879407019915432
2026-07-30 19:00:00+00:00,70.49120647920293,23.13584222802535,0.1867201766077847,7.311165341274005
2026-07-30 20:00:00+00:00,74.06755065921148,21.805235659423058,0.0,7.49722069957051
2026-07-30 21:00:00+00:00,72.10894207179847,17.927730591837253,0.2684087282989337,6.205329464838847
2026-07-30 22:00:00+00:00,65.39003842609783,18.027863711721057,1.5509429018724317,6.930754184538369
2026-07-30 23:00:00+00:00,58.19617646094855,18.11347060365271,0.0,7.585081624182437
2026-07-31 00:00:00+00:00,49.5898276587543,16.022418332530115,0.0,8.315895843232738
2026-07-31 01:00:00+00:00,51.95758849165714,18.13338021075397,0.3718035000498417,8.14123359152463
2026-07-31 02:00:00+00:00,51.15057480196446,15.801359729942694,0.822666334098981,5.50091426002753
2026-07-31 03:00:00+00:00,52.50783543969803,17.49695384735983,0.4874839222170675,8.377575829763812
2026-07-31 04:00:00+00:00,53.68381250427302,18.087587529782134,0.0,6.835931202085836
2026-07-31 05:00:00+00:00,56.207603882147346,20.227569285233884,0.28169941883137345,5.5234679903772195
2026-07-31 06:00:00+00:00,53.316871777277825,20.7059264400839,1.2859650726208374,8.716013881884638
2026-07-31 07:00:00+00:00,59.16265925828074,22.699550966324598,3.106478972899186,8.828427983058026
2026-07-31 08:00:00+00:00,60.785842316099945,24.29152643375771,7.020573518602367,7.0789668904822385
2026-07-31 09:00:00+00:00,63.36795196061491,25.1381985536473,11.779739459623293,7.627229658717624
2026-07-31 10:00:00+00:00,69.89974094142131,27.841863606568197,11.271043165882986,7.6300638108526275
2026-07-31 11:00:00+00:00,67.66641181078462,28.4971261692289,17.339095465369216,8.426168347926623
2026-07-31 12:00:00+00:00,67.37109213723424,28.702074512077434,12.57609375683911,7.403800795914052
2026-07-31 13:00:00+00:00,63.856390046900565,28.494406209109105,12.929437998611574,4.434363966629477
2026-07-31 14:00:00+00:00,66.51703438771361,29.76061539762405,8.988029667540166,9.011936725592632
2026-07-31 15:00:00+00:00,65.1019446807455,27.920761933946125,11.984934899641097,7.591919645272067
2026-07-31 16:00:00+00:00,65.37982662107912,26.880769274261905,6.521312198824477,5.285445212045125
2026-07-31 17:00:00+00:00,75.97335248355914,26.130499935346105,3.9788574251681466,4.4533455134663935
2026-07-31 18:00:00+00:00,77.53905451274593,26.592548693336415,0.0,6.495148291565398
2026-07-31 19:00:00+00:00,75.69014310781775,21.394313480865407,0.0,5.290273333910279
2026-07-31 20:00:00+00:00,74.59028414642498,22.372817557887586,0.0,6.031395394824078
2026-07-31 21:00:00+00:00,66.56171687589536,17.729412952476086,0.0,6.498175297588643
2026-07-31 22:00:00+00:00,62.54989600603737,19.01877245280395,0.05597962072218896,4.551137179893012
2026-07-31 23:00:00+00:00,63.312128999035046,19.69425158011106,0.49011688436133183,3.667411429430768
2026-08-01 00:00:00+00:00,45.18932213829738,17.790923425498015,0.0,5.655284958755264
2026-08-01 01:00:00+00:00,43.25723870607468,17.20475009424775,0.7852718003595073,4.253257002612269
2026-08-01 02:00:00+00:00,44.39088103246461,16.531981833573557,0.0,5.089394996290897
2026-08-01 03:00:00+00:00,47.449668789822326,17.84140882756685,0.0,2.889380369064023
2026-08-01 04:00:00+00:00,47.6181687671112,18.455569284445573,0.0,4.302788362646983
2026-08-01 05:00:00+00:00,43.53999746594804,19.058046416444185,0.49538086728392794,5.543526927656954
2026-08-01 06:00:00+00:00,52.720634356441046,21.101138547651313,1.048755307022284,5.278903611480013
2026-08-01 07:00:00+00:00,54.29898582186691,23.24079832324258,2.8320053158707545,3.216461453152537
2026-08-01 08:00:00+00:00,53.70208244799567,23.63598419153462,8.82691896568265,2.576020393955049
2026-08-01 09:00:00+00:00,54.30886995630568,25.037333714658732,10.293953553099175,4.127248550885744
2026-08-01 10:00:00+00:00,59.939457727791954,25.61651389454242,6.572015840309571,4.786666816400179
2026-08-01 11:00:00+00:00,61.09338255604517,28.672633057829817,12.605875820976248,4.467245196269566
2026-08-01 12:00:00+00:00,54.8607984158019,29.459150475360527,18.610736100103786,3.0847703408611142
2026-08-01 13:00:00+00:00,56.69076776751041,29.288948742347277,14.77766029551835,4.123826664437798
2026-08-01 14:00:00+00:00,67.11548417179934,29.96661583765563,10.080363133500892,5.718792799476757
2026-08-01 15:00:00+00:00,60.28259467511847,28.31650128392086,9.238321333204409,3.8151152282431675
2026-08-01 16:00:00+00:00,62.491027332956996,27.73016408921057,7.087498837787876,1.1579579712435324
2026-08-01 17:00:00+00:00,64.39184668370352,26.384068773281935,3.905726835000411,3.6495618572906046
2026-08-01 18:00:00+00:00,70.91828681289104,24.46503452058944,0.0,6.151818644492339
2026-08-01 19:00:00+00:00,69.75203708167402,22.387637125054148,0.0,1.417815474013294
2026-08-01 20:00:00+00:00,69.59471488681181,24.131497665260703,0.48848207521435627,3.1965392770806837
2026-08-01 21:00:00+00:00,63.145042684181156,19.488043318151377,0.0,2.7778745054292564
2026-08-01 22:00:00+00:00,60.46034595012048,17.99179624440828,0.0,3.1740217897706957
2026-08-01 23:00:00+00:00,51.15377998005303,18.36140499853817,0.051344885477232975,3.262153007601553
2026-08-02 00:00:00+00:00,44.99712025113159,17.546820931377937,0.0,4.542083842194262
2026-08-02 01:00:00+00:00,45.38036077968446,15.357954941399996,0.13991013250956194,3.0263722651117924
2026-08-02 02:00:00+00:00,47.51352298314674,18.59906693350221,1.282256659146379,4.663126562260915
2026-08-02 03:00:00+00:00,45.77788412853744,17.742073957301898,0.0,2.6833573560845614
2026-08-02 04:00:00+00:00,44.34382261551772,17.4795021578265,0.0,2.3368941671262102
2026-08-02 05:00:00+00:00,47.197594982314506,21.485949484672656,0.5076659121909264,1.8751956539357488
2026-08-02 06:00:00+00:00,46.00589911653793,22.261601134544044,0.11979182207276097,0.25909318277172355
2026-08-02 07:00:00+00:00,46.6356624739581,21.550697957084367,5.243649008279805,3.1860939766961756
2026-08-02 08:00:00+00:00,61.268223699584055,26.758272772507148,8.085770374238152,5.678615427400517
2026-08-02 09:00:00+00:00,59.879410236319046,26.868033450162795,9.972316775939431,3.453581498390003
2026-08-02 10:00:00+00:00,60.04963172136945,27.31276587863284,9.173369719772763,3.788531946517044
2026-08-02 11:00:00+00:00,65.6644805471773,30.191805477526696,9.4002210657115,2.2698314233653885
2026-08-02 12:00:00+00:00,61.71167234820619,29.079278396833526,11.466908888600013,2.532896434380904
2026-08-02 13:00:00+00:00,57.868524747759,29.064187277284855,15.034202458659015,4.286173747817227
2026-08-02 14:00:00+00:00,60.33479837887366,28.106547508095623,12.422411897115154,5.758294158111896
2026-08-02 15:00:00+00:00,63.25408200033865,29.003335798676492,5.744637904874828,5.07332710330181
2026-08-02 16:00:00+00:00,65.18426402223238,27.929281265723702,5.762326496634622,4.16712812840481
2026-08-02 17:00:00+00:00,66.57727538681914,26.138230926295837,4.52179429530312,3.1439549228209596
2026-08-02 18:00:00+00:00,63.477772764593325,23.731586267477205,0.0,3.448531230494325
2026-08-02 19:00:00+00:00,69.87436489837405,23.288754972004885,0.3111293741351031,2.165252365175538
2026-08-02 20:00:00+00:00,61.097950628946236,21.50249205050626,0.0,1.2628443549709516
2026-08-02 21:00:00+00:00,61.38850363895917,18.54546310838538,0.0,1.7875636830858126
2026-08-02 22:00:00+00:00,57.61779384358663,17.143425426269122,0.5941749603026744,3.5140851297203164
2026-08-02 23:00:00+00:00,51.271376261072255,18.64102192496021,0.1773105803875113,3.1191235000131616
2026-08-03 00:00:00+00:00,50.88426162948717,14.248058915433313,0.0,1.5582767530827857
2026-08-03 01:00:00+00:00,55.71266435173602,17.41940171706831,0.3207164923668583,3.6546197142869272
2026-08-03 02:00:00+00:00,54.23556540329104,16.810822831207915,0.004465936555349307,3.3559916687146303
2026-08-03 03:00:00+00:00,50.56716501919155,19.561127931475955,0.19150657522584183,2.2580116026022603
2026-08-03 04:00:00+00:00,51.59521603371187,18.36002689319634,0.0,3.4829702857048845
2026-08-03 05:00:00+00:00,51.00981587684447,20.993792964503942,1.0351993044553112,3.6558451842303588
2026-08-03 06:00:00+00:00,58.01942059255031,21.180920396695473,0.0,3.348298515106073
2026-08-03 07:00:00+00:00,57.96308939287312,23.354484735806633,5.436750975320362,5.6175008430614035
2026-08-03 08:00:00+00:00,60.690354495050045,25.663096441362743,5.5596906693687265,1.7665359138438061
2026-08-03 09:00:00+00:00,65.501423049368,25.67903795469265,10.980345177503755,1.762475693205543
2026-08-03 10:00:00+00:00,71.48147038746687,28.68087232319344,7.9261077109647085,4.66044427514024
2026-08-03 11:00:00+00:00,67.16727363018873,27.254475555900058,7.747953278524097,4.904615445960365
2026-08-03 12:00:00+00:00,65.32846516524204,29.408354976924663,14.65095164301402,5.450762086692046
2026-08-03 13:00:00+00:00,66.12194251996515,30.375116859776547,11.56725949632096,4.2454370884092745
2026-08-03 14:00:00+00:00,72.01856465162615,29.86434162699976,7.500766931415712,3.830045776605235
2026-08-03 15:00:00+00:00,71.7547536233738,30.7815516733849,11.036983129683362,5.2197200334159195
2026-08-03 16:00:00+00:00,69.85572401463676,26.621233177638302,9.017353033571059,4.725946433601306
2026-08-03 17:00:00+00:00,68.5464837251932,24.648924706068843,4.3970194906053015,7.628905686317052
2026-08-03 18:00:00+00:00,74.69030803337922,23.67292924879521,0.0,5.115483749330272
2026-08-03 19:00:00+00:00,71.42592924124808,24.115189943967273,0.8557113994662452,5.605378175220956
2026-08-03 20:00:00+00:00,71.82213523004162,22.37682160637379,0.0,9.253994884436775
2026-08-03 21:00:00+00:00,66.71328918908793,20.464632846466817,0.0,5.622156297343781
2026-08-03 22:00:00+00:00,62.93731108632343,17.761558476708128,0.8054504682071885,6.777398710705727
2026-08-03 23:00:00+00:00,62.42473723069159,19.085784240710254,0.3122742129441812,7.004833206740878
2026-08-04 00:00:00+00:00,49.887063067352955,16.1065682723723,1.0601851245212621,7.222168178238532
2026-08-04 01:00:00+00:00,53.06042734971855,18.772705510102384,0.0,6.698409726619181
2026-08-04 02:00:00+00:00,54.870143597023834,21.025657428798993,0.06314056861878468,6.65588197248438
2026-08-04 03:00:00+00:00,51.70142351160699,18.646317933084642,0.0,6.612555339761439
2026-08-04 04:00:00+00:00,54.62035103021437,19.870382395087535,0.07165058432384798,5.7492434554831
2026-08-04 05:00:00+00:00,54.899165565901974,19.832546770111886,0.0,7.090644940025254
2026-08-04 06:00:00+00:00,56.16682745872213,19.709613430375867,0.3424772783275041,9.549825287599745
2026-08-04 07:00:00+00:00,60.0455625848156,22.722444841449793,4.820479853591542,8.474792060173876
2026-08-04 08:00:00+00:00,65.15294150530812,23.698190814521183,6.365180533960244,7.270560480594426
2026-08-04 09:00:00+00:00,61.19593647173256,24.73150562206402,12.532739899058024,8.10341760567413
2026-08-04 10:00:00+00:00,69.57901941791452,29.788660686314003,13.233875861042296,5.743368080991498
2026-08-04 11:00:00+00:00,64.38863729202268,29.01416828389202,17.750521329219612,6.6450829909341245
2026-08-04 12:00:00+00:00,69.04383100214702,29.753268612893184,9.59081356437307,8.3808667201515
2026-08-04 13:00:00+00:00,66.55092321682145,29.14288351080971,11.660171878320542,9.174358406690803
2026-08-04 14:00:00+00:00,63.55176301684933,29.113554985182034,14.371336535337665,6.045824176902422
2026-08-04 15:00:00+00:00,65.06147465252684,29.89090583815549,11.580613484139382,6.474901088421952
2026-08-04 16:00:00+00:00,68.75044514604691,27.753087402660444,8.247436028664671,10.22684046073925
2026-08-04 17:00:00+00:00,76.3482714122133,27.198153124952377,2.80496892780834,7.3227139194867625
2026-08-04 18:00:00+00:00,74.39946511804085,24.89120821489274,0.21072537027767094,9.749691738240593
2026-08-04 19:00:00+00:00,74.79798846585108,23.17520296874845,0.0,7.48960024418611
2026-08-04 20:00:00+00:00,71.82431471143397,20.35697020206294,0.0,7.541637371715673
2026-08-04 21:00:00+00:00,71.47676178417471,18.237384384241448,0.1926579757367456,6.760260927086349
2026-08-04 22:00:00+00:00,65.03104801563632,19.066775880213527,0.0,8.492491547423626
2026-08-04 23:00:00+00:00,60.68400444611529,18.507646887560256,0.9571627043018909,9.052813292039966
2026-08-05 00:00:00+00:00,51.898648607501606,16.309908582983724,0.0,5.676033695638734
2026-08-05 01:00:00+00:00,52.53671482205031,17.62036894924072,0.5840016926632955,6.598893562740736
2026-08-05 02:00:00+00:00,52.41805482085318,17.94370802142272,0.0,8.334986872417746
2026-08-05 03:00:00+00:00,49.703059293703234,15.904519912041096,0.0,6.828431913915663
2026-08-05 04:00:00+00:00,53.16113123836848,18.36031362484495,0.360830979904745,6.2694746972679365
2026-08-05 05:00:00+00:00,55.27632106892716,21.20314145310948,0.5418653903036873,8.318614903742926
2026-08-05 06:00:00+00:00,58.606416591287754,22.639399764104237,0.0,8.389909736077456
2026-08-05 07:00:00+00:00,59.86597006750957,22.35694931822061,2.7665367146590483,6.150338460683889
2026-08-05 08:00:00+00:00,62.224422373387746,25.49802265793957,5.110911682318747,7.007034254388468
2026-08-05 09:00:00+00:00,67.98757802211382,27.995565719781247,10.34608003139352,4.943053901784359
2026-08-05 10:00:00+00:00,69.23690720240324,28.957605379890918,12.50182207915418,5.301961643940233
2026-08-05 11:00:00+00:00,67.44466851322053,28.878179431985814,14.018059217488899,6.645918658976217
2026-08-05 12:00:00+00:00,64.25498517076508,29.044337808242574,15.5381171997175,6.428474362921431
2026-08-05 13:00:00+00:00,61.898369880613565,29.06921611421365,11.033437534714917,4.939501026620573
2026-08-05 14:00:00+00:00,64.3190848648193,30.19553278580412,15.264278061307433,5.195842382417261
2026-08-05 15:00:00+00:00,64.32735060186884,29.283124317776004,10.193502208470754,4.6089378820622375
2026-08-05 16:00:00+00:00,66.2241571358298,28.865113020592258,6.354310730512521,6.635862899105477
2026-08-05 17:00:00+00:00,74.73930021319929,27.03986276880389,3.5371819247411227,3.140125739398121
2026-08-05 18:00:00+00:00,83.19959029644775,26.431557040407938,0.0,4.372201367615421
2026-08-05 19:00:00+00:00,78.75603479625089,24.024232969519186,0.0,3.071719220659625
2026-08-05 20:00:00+00:00,70.93441185513687,23.31411297204925,0.0,6.156030744626693
2026-08-05 21:00:00+00:00,69.79393539738011,21.985148795973547,0.6801698695232267,2.9335787497225385
2026-08-05 22:00:00+00:00,61.30226431737657,18.746930227179043,0.0,5.388576701038268
2026-08-05 23:00:00+00:00,56.63146877401667,16.603998571228367,0.945365088050603,7.525296241235218
2026-08-06 00:00:00+00:00,48.77171135150606,20.041559743561642,0.0,7.457946677513741
2026-08-06 01:00:00+00:00,51.3223011937811,18.307990476854705,0.0,2.4717294031496673
2026-08-06 02:00:00+00:00,51.19269369282942,16.16221484746331,0.3204470792710617,5.302634338548863
2026-08-06 03:00:00+00:00,52.57620415922001,17.977644940138237,0.0,3.385477565878542
2026-08-06 04:00:00+00:00,54.10869520077472,20.729290943205292,0.10246966182678742,2.9854537269171306
2026-08-06 05:00:00+00:00,53.206191114205176,20.725444677068744,0.0,4.38373634405484
2026-08-06 06:00:00+00:00,56.19018252194824,21.909114799731853,0.7430194467575737,6.150205720480859
2026-08-06 07:00:00+00:00,60.047275996133116,25.773077232896465,3.445856548985624,5.15968503628363
2026-08-06 08:00:00+00:00,59.16379459751459,24.40377406873494,7.00824261992218,3.2103932111242743
2026-08-06 09:00:00+00:00,62.28859203555699,26.16547367711604,13.201785690266288,5.092226981607253
2026-08-06 10:00:00+00:00,71.51159256975139,28.63528226356061,11.51123282287602,0.8600292359386708
2026-08-06 11:00:00+00:00,69.35071271727888,29.819461817689895,9.13087102747764,2.845875882193446
2026-08-06 12:00:00+00:00,64.62809132053587,30.561780113630807,10.630581521226318,2.6483459603852113
2026-08-06 13:00:00+00:00,68.0841069745393,31.280012367331132,14.695152145001918,3.816521413391096
2026-08-06 14:00:00+00:00,64.09102914403753,30.236351164701734,16.357689925134157,3.3315359905663526
2026-08-06 15:00:00+00:00,73.9917198392777,30.001950892454172,11.000124420983463,3.3298531349427023
2026-08-06 16:00:00+00:00,70.66518763765748,28.166222711211006,6.496057048387972,3.1997577392409955
2026-08-06 17:00:00+00:00,76.86624805349835,27.32602477705223,4.7266446633278045,3.3964515213344586
2026-08-06 18:00:00+00:00,79.4532944017243,25.948952833230884,0.5464358090463577,4.04646223853621
2026-08-06 19:00:00+00:00,73.63745003228293,24.541381863892244,0.3918025471486496,3.429226048918455
2026-08-06 20:00:00+00:00,73.39800879086266,23.673718735965256,0.7097317364074768,2.7568322072736793
2026-08-06 21:00:00+00:00,70.69153764923234,21.98213453168246,0.3043412064568942,3.657191703400932
2026-08-06 22:00:00+00:00,64.85882963441487,20.14280599789339,0.0838257323633509,4.196358607899469
2026-08-06 23:00:00+00:00,60.79625424225216,18.181760086449803,0.6195860310440147,2.211763746174598
2026-08-07 00:00:00+00:00,48.84856539556271,18.651041239130656,0.0,2.8629592387644163
2026-08-07 01:00:00+00:00,52.869276560512766,18.348344669375216,0.016623258172330787,4.534344852415884
2026-08-07 02:00:00+00:00,50.74500504819262,18.834851339032877,0.8607884586484573,1.3310982339897546
2026-08-07 03:00:00+00:00,52.48394488017283,21.86693453641637,0.8109620639776156,5.374658353143955
2026-08-07 04:00:00+00:00,54.85469394603629,19.56080128922339,0.0,0.9522686860552938
2026-08-07 05:00:00+00:00,55.58312345977886,21.95547211131644,0.0,2.328541374503164
2026-08-07 06:00:00+00:00,57.64350291921331,24.19476345792151,0.7315867501042492,1.472749027913523
2026-08-07 07:00:00+00:00,61.42467088053626,24.599964206714212,3.663499931263739,5.8630977956171275
2026-08-07 08:00:00+00:00,73.06116512408164,28.857568405512847,4.628139159630547,2.0983249831539257
2026-08-07 09:00:00+00:00,71.88430311030409,27.062509058722895,7.783505837278128,2.110874211049853
2026-08-07 10:00:00+00:00,70.1874916471779,29.164657026191527,15.754305557477192,2.3080374147748035
2026-08-07 11:00:00+00:00,67.54267405079477,28.787683420147324,13.784765786293468,2.9819192094371587
2026-08-07 12:00:00+00:00,68.7549118542291,29.940846047686243,15.169353709413885,2.4151446916977313
2026-08-07 13:00:00+00:00,66.77710249697253,30.882897310840473,12.807976039816289,2.7216341376793043
2026-08-07 14:00:00+00:00,67.58440260685747,31.41238396366929,10.441209394013628,0.0
2026-08-07 15:00:00+00:00,71.5585398327383,30.197448232781824,12.540224527897742,3.0702237635888263
2026-08-07 16:00:00+00:00,75.82113893528575,30.389107455336667,7.167042035882007,3.06471491686689
2026-08-07 17:00:00+00:00,73.19126978760791,27.53874527195494,3.9064372663324547,4.54874042805159
2026-08-07 18:00:00+00:00,77.84507179185852,25.824216823086967,0.4849488468277085,4.987610078111226
2026-08-07 19:00:00+00:00,85.77612076678398,27.931913198654797,0.0,2.9573713264265864
2026-08-07 20:00:00+00:00,69.57090591623356,23.624552086456088,0.37791075209418595,4.432999599138197
2026-08-07 21:00:00+00:00,71.91753267601145,20.858275942905607,0.03898069873002009,1.8228850913269903
2026-08-07 22:00:00+00:00,59.01238529203637,19.663190413742935,0.0,4.518644361164161
2026-08-07 23:00:00+00:00,59.13100720281057,18.428892993045462,0.33636468924887286,2.7264465472220905
2026-08-08 00:00:00+00:00,48.88221646499689,20.101921841757918,0.07306582047847408,1.9569186843082547
2026-08-08 01:00:00+00:00,43.78464056125289,18.353690321992797,1.2967740010346538,3.4470482954708994
2026-08-08 02:00:00+00:00,44.681709705836084,19.165588508012924,0.72863543163928,5.762455549043803
2026-08-08 03:00:00+00:00,46.573127536179065,19.553325682472124,0.35557507846726205,4.153407751423144
2026-08-08 04:00:00+00:00,41.62052856007231,21.478232010954144,0.12458525064408982,6.096304307322729
2026-08-08 05:00:00+00:00,47.197345325219864,20.844394141050927,0.08186112752900908,3.0569535858911294
2026-08-08 06:00:00+00:00,49.42328033827077,22.034301906943544,0.0,5.678582057367526
2026-08-08 07:00:00+00:00,58.60079294947203,25.164484856132024,2.740276921658455,3.407138560243379
2026-08-08 08:00:00+00:00,57.93806583562343,27.18682663752433,6.498488854709486,4.746058240859341
2026-08-08 09:00:00+00:00,62.434984711759554,28.329239782312165,11.308420904757185,4.845950240324099
2026-08-08 10:00:00+00:00,60.17712013305578,28.21894231558674,9.585190428300754,5.5819326044053375
2026-08-08 11:00:00+00:00,62.73123954200354,30.97422942034174,10.323558854881123,5.121074248687011
2026-08-08 12:00:00+00:00,61.47187653964336,29.885468774222897,17.87619348343779,3.850002543314954
